Wavelength [m],Power [dBm]
1.47e-06,-68.1742259
1.47004e-06,-67.3995263
1.47008e-06,-68.0259113
1.47012e-06,-67.5243233
1.47016e-06,-67.9513472
1.4702e-06,-68.2474836
1.47024e-06,-67.6181072
1.47028e-06,-68.5180558
1.47032e-06,-67.3496595
1.47036e-06,-68.1411388
1.4704e-06,-67.5819659
1.47044e-06,-67.9559433
1.47048e-06,-67.5377757
1.47052e-06,-67.6779824
1.47056e-06,-67.9418891
1.4706e-06,-67.7024318
1.47064e-06,-68.1022492
1.47068e-06,-67.7514079
1.47072e-06,-67.6120975
1.47076e-06,-67.2953766
1.4708e-06,-67.6443937
1.47084e-06,-67.5135855
1.47088e-06,-68.1497763
1.47092e-06,-67.6054051
1.47096e-06,-67.2993794
1.471e-06,-68.1501619
1.47104e-06,-67.9837741
1.47108e-06,-67.9594617
1.47112e-06,-67.9050043
1.47116e-06,-67.4304616
1.4712e-06,-67.901812
1.47124e-06,-67.5404569
1.47128e-06,-67.8853841
1.47132e-06,-67.759408
1.47136e-06,-67.4292729
1.4714e-06,-67.9264695
1.47144e-06,-67.6520758
1.47148e-06,-67.7715028
1.47152e-06,-68.0304759
1.47156e-06,-67.9468996
1.4716e-06,-67.3679959
1.47164e-06,-68.4175142
1.47168e-06,-67.8145571
1.47172e-06,-67.9354243
1.47176e-06,-67.6319743
1.4718e-06,-67.6906386
1.47184e-06,-67.4122017
1.47188e-06,-67.3507883
1.47192e-06,-67.2967373
1.47196e-06,-67.364084
1.472e-06,-67.8373367
1.47204e-06,-67.5953329
1.47208e-06,-67.7185872
1.47212e-06,-67.5745745
1.47216e-06,-68.0062187
1.4722e-06,-67.9097517
1.47224e-06,-68.2650503
1.47228e-06,-67.6428187
1.47232e-06,-67.9727008
1.47236e-06,-67.8426777
1.4724e-06,-67.9846486
1.47244e-06,-67.7065666
1.47248e-06,-68.2494706
1.47252e-06,-67.7519203
1.47256e-06,-68.3780957
1.4726e-06,-67.7849573
1.47264e-06,-67.6873374
1.47268e-06,-67.8650138
1.47272e-06,-67.4082239
1.47276e-06,-68.1447689
1.4728e-06,-67.5993064
1.47284e-06,-68.1452472
1.47288e-06,-67.7102869
1.47292e-06,-67.8934823
1.47296e-06,-67.7485858
1.473e-06,-68.1433694
1.47304e-06,-68.3837652
1.47308e-06,-67.7520316
1.47312e-06,-67.7235345
1.47316e-06,-68.136432
1.4732e-06,-67.5982638
1.47324e-06,-67.792629
1.47328e-06,-67.5246947
1.47332e-06,-67.9558912
1.47336e-06,-67.6584649
1.4734e-06,-68.2827984
1.47344e-06,-67.6093531
1.47348e-06,-67.702314
1.47352e-06,-67.9578169
1.47356e-06,-67.7235269
1.4736e-06,-67.3791389
1.47364e-06,-67.610351
1.47368e-06,-67.2619647
1.47372e-06,-68.2498089
1.47376e-06,-67.6933268
1.4738e-06,-68.1548736
1.47384e-06,-67.5601385
1.47388e-06,-67.6480219
1.47392e-06,-67.9701582
1.47396e-06,-68.1058137
1.474e-06,-68.0099484
1.47404e-06,-68.1690013
1.47408e-06,-67.6894051
1.47412e-06,-68.1614061
1.47416e-06,-67.6998059
1.4742e-06,-68.0727174
1.47424e-06,-67.6608067
1.47428e-06,-67.4871583
1.47432e-06,-68.0114018
1.47436e-06,-67.8449061
1.4744e-06,-67.4899789
1.47444e-06,-68.2763412
1.47448e-06,-67.4171994
1.47452e-06,-67.8655221
1.47456e-06,-67.7799988
1.4746e-06,-67.6898396
1.47464e-06,-68.4508168
1.47468e-06,-68.1712695
1.47472e-06,-68.0298037
1.47476e-06,-67.9105092
1.4748e-06,-68.0963687
1.47484e-06,-67.5452283
1.47488e-06,-67.9730368
1.47492e-06,-67.8041466
1.47496e-06,-68.064228
1.475e-06,-67.6552823
1.47504e-06,-68.1429901
1.47508e-06,-68.0412518
1.47512e-06,-67.7894609
1.47516e-06,-67.9780535
1.4752e-06,-67.7181968
1.47524e-06,-67.9154097
1.47528e-06,-67.827955
1.47532e-06,-68.4857535
1.47536e-06,-67.9606651
1.4754e-06,-67.9182365
1.47544e-06,-67.9239456
1.47548e-06,-68.2516332
1.47552e-06,-67.7878504
1.47556e-06,-67.3690518
1.4756e-06,-67.5008368
1.47564e-06,-68.0471704
1.47568e-06,-67.7047052
1.47572e-06,-68.2461916
1.47576e-06,-68.0629252
1.4758e-06,-67.985959
1.47584e-06,-67.9833379
1.47588e-06,-67.9233519
1.47592e-06,-67.9311705
1.47596e-06,-67.4886075
1.476e-06,-67.5427929
1.47604e-06,-67.9106986
1.47608e-06,-67.6605748
1.47612e-06,-68.4716026
1.47616e-06,-67.6273316
1.4762e-06,-68.4682275
1.47624e-06,-68.0166166
1.47628e-06,-68.1106462
1.47632e-06,-67.6037273
1.47636e-06,-67.7173317
1.4764e-06,-68.8071054
1.47644e-06,-67.4286092
1.47648e-06,-67.7534335
1.47652e-06,-67.4299627
1.47656e-06,-67.783095
1.4766e-06,-67.5353174
1.47664e-06,-67.5636875
1.47668e-06,-68.0139732
1.47672e-06,-67.5439398
1.47676e-06,-67.8960857
1.4768e-06,-68.34247
1.47684e-06,-67.3984916
1.47688e-06,-67.3940784
1.47692e-06,-67.8608342
1.47696e-06,-67.6151657
1.477e-06,-67.9740344
1.47704e-06,-67.7666625
1.47708e-06,-68.0278105
1.47712e-06,-68.0639565
1.47716e-06,-67.7590157
1.4772e-06,-67.8691117
1.47724e-06,-67.5639393
1.47728e-06,-68.0259531
1.47732e-06,-67.9374883
1.47736e-06,-67.3636739
1.4774e-06,-67.9430895
1.47744e-06,-68.1641182
1.47748e-06,-67.5347614
1.47752e-06,-67.6941182
1.47756e-06,-67.9031808
1.4776e-06,-67.9932667
1.47764e-06,-68.2213005
1.47768e-06,-67.8538045
1.47772e-06,-67.8034395
1.47776e-06,-67.5363563
1.4778e-06,-67.7812852
1.47784e-06,-68.3126018
1.47788e-06,-68.417282
1.47792e-06,-68.2730969
1.47796e-06,-67.8482332
1.478e-06,-67.4842914
1.47804e-06,-67.4368497
1.47808e-06,-67.8739355
1.47812e-06,-68.3118575
1.47816e-06,-68.1854094
1.4782e-06,-67.1563592
1.47824e-06,-67.8625162
1.47828e-06,-67.6568225
1.47832e-06,-67.7008652
1.47836e-06,-68.4080035
1.4784e-06,-68.3944644
1.47844e-06,-68.1328792
1.47848e-06,-67.8699221
1.47852e-06,-68.8188135
1.47856e-06,-67.6116035
1.4786e-06,-67.9353057
1.47864e-06,-67.9948055
1.47868e-06,-67.9396731
1.47872e-06,-67.4797235
1.47876e-06,-67.8446568
1.4788e-06,-67.8403218
1.47884e-06,-68.0256947
1.47888e-06,-68.0907911
1.47892e-06,-67.5379831
1.47896e-06,-68.4675624
1.479e-06,-67.8034803
1.47904e-06,-67.9386771
1.47908e-06,-67.5912715
1.47912e-06,-68.2521671
1.47916e-06,-67.664943
1.4792e-06,-67.6323205
1.47924e-06,-68.1506908
1.47928e-06,-67.6878821
1.47932e-06,-67.9338614
1.47936e-06,-68.045008
1.4794e-06,-67.9342789
1.47944e-06,-68.0848168
1.47948e-06,-67.9431603
1.47952e-06,-68.5089821
1.47956e-06,-67.6452221
1.4796e-06,-68.142953
1.47964e-06,-67.6858387
1.47968e-06,-68.1450978
1.47972e-06,-67.753579
1.47976e-06,-67.9821872
1.4798e-06,-68.3252748
1.47984e-06,-68.3448487
1.47988e-06,-68.3537246
1.47992e-06,-68.1887649
1.47996e-06,-67.863845
1.48e-06,-67.9578967
1.48004e-06,-67.9420615
1.48008e-06,-67.3705868
1.48012e-06,-67.9148011
1.48016e-06,-68.2071701
1.4802e-06,-68.4358867
1.48024e-06,-67.8262332
1.48028e-06,-67.5744927
1.48032e-06,-67.8762106
1.48036e-06,-68.2346277
1.4804e-06,-67.6059055
1.48044e-06,-67.8167432
1.48048e-06,-67.7286526
1.48052e-06,-67.706207
1.48056e-06,-68.1888858
1.4806e-06,-68.185119
1.48064e-06,-68.1743454
1.48068e-06,-68.2323548
1.48072e-06,-69.011067
1.48076e-06,-67.9917417
1.4808e-06,-67.9203448
1.48084e-06,-67.9241857
1.48088e-06,-68.1418744
1.48092e-06,-68.1909039
1.48096e-06,-68.0608353
1.481e-06,-68.5107882
1.48104e-06,-68.2708099
1.48108e-06,-68.0039089
1.48112e-06,-68.4200268
1.48116e-06,-68.722593
1.4812e-06,-68.0662259
1.48124e-06,-68.3348415
1.48128e-06,-67.7172434
1.48132e-06,-67.7803254
1.48136e-06,-67.8061689
1.4814e-06,-67.8361465
1.48144e-06,-68.0834283
1.48148e-06,-67.620417
1.48152e-06,-68.1258411
1.48156e-06,-67.4844904
1.4816e-06,-68.7154266
1.48164e-06,-67.6222006
1.48168e-06,-68.3921473
1.48172e-06,-67.8183689
1.48176e-06,-68.2868598
1.4818e-06,-68.1915529
1.48184e-06,-68.2438682
1.48188e-06,-68.4233267
1.48192e-06,-68.37994
1.48196e-06,-68.3299345
1.482e-06,-68.2416386
1.48204e-06,-68.2492949
1.48208e-06,-68.4085176
1.48212e-06,-68.3883398
1.48216e-06,-68.0549643
1.4822e-06,-68.1622655
1.48224e-06,-68.1775105
1.48228e-06,-68.1593739
1.48232e-06,-68.9608896
1.48236e-06,-68.3405731
1.4824e-06,-68.4502095
1.48244e-06,-68.6179168
1.48248e-06,-68.3757115
1.48252e-06,-68.5194266
1.48256e-06,-68.4706658
1.4826e-06,-68.4068495
1.48264e-06,-68.1924794
1.48268e-06,-69.1032897
1.48272e-06,-68.6641988
1.48276e-06,-68.8223934
1.4828e-06,-69.0047569
1.48284e-06,-68.5135627
1.48288e-06,-68.3974296
1.48292e-06,-68.5062461
1.48296e-06,-68.4445665
1.483e-06,-68.6157117
1.48304e-06,-69.127661
1.48308e-06,-68.3339907
1.48312e-06,-68.4500467
1.48316e-06,-68.368971
1.4832e-06,-68.3897336
1.48324e-06,-68.70638
1.48328e-06,-68.9005205
1.48332e-06,-68.4467518
1.48336e-06,-68.996759
1.4834e-06,-68.6010812
1.48344e-06,-68.5833982
1.48348e-06,-68.2029783
1.48352e-06,-68.6882998
1.48356e-06,-68.5011731
1.4836e-06,-68.7233298
1.48364e-06,-68.5450714
1.48368e-06,-68.8238071
1.48372e-06,-68.3664823
1.48376e-06,-68.7485813
1.4838e-06,-68.461573
1.48384e-06,-68.7457243
1.48388e-06,-68.738751
1.48392e-06,-68.5673977
1.48396e-06,-68.0635243
1.484e-06,-68.4329539
1.48404e-06,-67.6988298
1.48408e-06,-68.6486414
1.48412e-06,-68.6541022
1.48416e-06,-67.879145
1.4842e-06,-68.44761
1.48424e-06,-68.8975187
1.48428e-06,-68.1430843
1.48432e-06,-68.6529425
1.48436e-06,-68.7297467
1.4844e-06,-68.7146121
1.48444e-06,-68.5030344
1.48448e-06,-68.2616214
1.48452e-06,-68.6715252
1.48456e-06,-68.0637772
1.4846e-06,-68.5916962
1.48464e-06,-67.9401612
1.48468e-06,-68.0994117
1.48472e-06,-68.1297053
1.48476e-06,-68.0692602
1.4848e-06,-68.7454042
1.48484e-06,-68.5657109
1.48488e-06,-68.0764224
1.48492e-06,-68.6891972
1.48496e-06,-67.8589589
1.485e-06,-69.0412963
1.48504e-06,-69.0097896
1.48508e-06,-68.5257766
1.48512e-06,-67.9697129
1.48516e-06,-68.1299854
1.4852e-06,-68.8987296
1.48524e-06,-69.00485
1.48528e-06,-68.3743217
1.48532e-06,-68.8326291
1.48536e-06,-67.8795576
1.4854e-06,-67.8810382
1.48544e-06,-67.8002483
1.48548e-06,-68.5323561
1.48552e-06,-68.3021139
1.48556e-06,-68.47943
1.4856e-06,-68.2907514
1.48564e-06,-68.452909
1.48568e-06,-68.9230481
1.48572e-06,-68.2610552
1.48576e-06,-68.4963386
1.4858e-06,-68.3225081
1.48584e-06,-68.3814989
1.48588e-06,-68.8361465
1.48592e-06,-68.4411653
1.48596e-06,-68.8904756
1.486e-06,-68.3037429
1.48604e-06,-69.0029161
1.48608e-06,-68.7126842
1.48612e-06,-69.0267635
1.48616e-06,-68.6321489
1.4862e-06,-68.5213194
1.48624e-06,-68.222007
1.48628e-06,-69.0662987
1.48632e-06,-68.047113
1.48636e-06,-68.2335451
1.4864e-06,-68.3456009
1.48644e-06,-68.2105585
1.48648e-06,-68.3636698
1.48652e-06,-68.3523608
1.48656e-06,-68.1044793
1.4866e-06,-68.7093298
1.48664e-06,-68.1375683
1.48668e-06,-68.1630902
1.48672e-06,-68.748898
1.48676e-06,-68.4332195
1.4868e-06,-68.1845751
1.48684e-06,-68.3482491
1.48688e-06,-68.1425272
1.48692e-06,-68.2940563
1.48696e-06,-68.4883003
1.487e-06,-68.0770172
1.48704e-06,-68.7345066
1.48708e-06,-68.4332022
1.48712e-06,-68.9329069
1.48716e-06,-69.1150474
1.4872e-06,-68.0460791
1.48724e-06,-68.8361916
1.48728e-06,-68.9821144
1.48732e-06,-68.1967583
1.48736e-06,-68.8266899
1.4874e-06,-68.3933649
1.48744e-06,-68.5778194
1.48748e-06,-68.1727042
1.48752e-06,-68.1228853
1.48756e-06,-68.5517256
1.4876e-06,-68.5017259
1.48764e-06,-67.8127195
1.48768e-06,-68.3519082
1.48772e-06,-68.2897966
1.48776e-06,-68.1442827
1.4878e-06,-68.2180393
1.48784e-06,-68.4793571
1.48788e-06,-68.7648666
1.48792e-06,-68.4953034
1.48796e-06,-68.728593
1.488e-06,-69.0138344
1.48804e-06,-68.5034326
1.48808e-06,-68.3996071
1.48812e-06,-68.4739201
1.48816e-06,-68.3217392
1.4882e-06,-68.6300545
1.48824e-06,-68.0790058
1.48828e-06,-68.137573
1.48832e-06,-68.9945781
1.48836e-06,-68.202487
1.4884e-06,-68.1232384
1.48844e-06,-68.0964871
1.48848e-06,-68.5756368
1.48852e-06,-68.2639657
1.48856e-06,-68.7901286
1.4886e-06,-67.79409
1.48864e-06,-67.9687394
1.48868e-06,-68.479611
1.48872e-06,-68.1362101
1.48876e-06,-68.4273376
1.4888e-06,-68.4931116
1.48884e-06,-68.0938571
1.48888e-06,-68.3961373
1.48892e-06,-68.7340521
1.48896e-06,-68.1538418
1.489e-06,-68.2085091
1.48904e-06,-68.4931478
1.48908e-06,-67.99246
1.48912e-06,-67.8955317
1.48916e-06,-68.3421626
1.4892e-06,-68.6394687
1.48924e-06,-68.5281508
1.48928e-06,-67.8903374
1.48932e-06,-68.083583
1.48936e-06,-68.6591369
1.4894e-06,-68.5190254
1.48944e-06,-68.389155
1.48948e-06,-68.3546333
1.48952e-06,-68.6471647
1.48956e-06,-68.6507058
1.4896e-06,-68.3779353
1.48964e-06,-69.4700247
1.48968e-06,-68.3607894
1.48972e-06,-68.0377724
1.48976e-06,-69.0434273
1.4898e-06,-68.5284427
1.48984e-06,-68.6094727
1.48988e-06,-68.3736423
1.48992e-06,-68.5761307
1.48996e-06,-68.1874781
1.49e-06,-68.5395827
1.49004e-06,-68.3128713
1.49008e-06,-68.7342779
1.49012e-06,-68.5060415
1.49016e-06,-68.3541915
1.4902e-06,-67.9326378
1.49024e-06,-68.6684693
1.49028e-06,-68.1885643
1.49032e-06,-68.1913052
1.49036e-06,-68.7490232
1.4904e-06,-68.3553743
1.49044e-06,-68.1310023
1.49048e-06,-68.2145224
1.49052e-06,-67.8582375
1.49056e-06,-68.2905011
1.4906e-06,-67.5082666
1.49064e-06,-67.9205935
1.49068e-06,-67.991249
1.49072e-06,-67.9635344
1.49076e-06,-68.0736591
1.4908e-06,-68.2747874
1.49084e-06,-67.7376651
1.49088e-06,-68.1969627
1.49092e-06,-68.00417
1.49096e-06,-68.2200481
1.491e-06,-68.1498889
1.49104e-06,-67.3817062
1.49108e-06,-68.3657214
1.49112e-06,-67.7312564
1.49116e-06,-67.5978927
1.4912e-06,-68.2289675
1.49124e-06,-68.3657414
1.49128e-06,-68.0868269
1.49132e-06,-67.9595571
1.49136e-06,-67.1094089
1.4914e-06,-68.0386635
1.49144e-06,-67.1312023
1.49148e-06,-67.5270386
1.49152e-06,-67.0973956
1.49156e-06,-67.4059361
1.4916e-06,-67.9463376
1.49164e-06,-67.6734844
1.49168e-06,-67.3981758
1.49172e-06,-67.3160968
1.49176e-06,-67.4752999
1.4918e-06,-67.486771
1.49184e-06,-67.7587516
1.49188e-06,-67.6278853
1.49192e-06,-67.5618865
1.49196e-06,-67.8957311
1.492e-06,-67.5705703
1.49204e-06,-67.5689561
1.49208e-06,-67.411524
1.49212e-06,-67.812144
1.49216e-06,-67.2931472
1.4922e-06,-67.5562605
1.49224e-06,-67.7692696
1.49228e-06,-67.5615074
1.49232e-06,-67.418881
1.49236e-06,-67.465576
1.4924e-06,-67.9521297
1.49244e-06,-67.4898983
1.49248e-06,-67.5876137
1.49252e-06,-67.1072677
1.49256e-06,-67.5617249
1.4926e-06,-67.6241131
1.49264e-06,-67.6949328
1.49268e-06,-66.9127512
1.49272e-06,-67.1949968
1.49276e-06,-67.3650149
1.4928e-06,-67.8822492
1.49284e-06,-67.1582702
1.49288e-06,-67.5505078
1.49292e-06,-67.2833703
1.49296e-06,-67.7120716
1.493e-06,-67.5897354
1.49304e-06,-67.8864464
1.49308e-06,-67.9154348
1.49312e-06,-67.3198746
1.49316e-06,-67.6282756
1.4932e-06,-67.3167478
1.49324e-06,-67.2680624
1.49328e-06,-67.1502457
1.49332e-06,-67.6430714
1.49336e-06,-67.3270334
1.4934e-06,-67.471245
1.49344e-06,-67.5068119
1.49348e-06,-67.4190374
1.49352e-06,-67.6447242
1.49356e-06,-67.5734889
1.4936e-06,-68.0739977
1.49364e-06,-67.6328542
1.49368e-06,-67.1511062
1.49372e-06,-67.3659149
1.49376e-06,-67.3168896
1.4938e-06,-67.3152836
1.49384e-06,-67.091725
1.49388e-06,-67.2858568
1.49392e-06,-67.4639315
1.49396e-06,-67.0755617
1.494e-06,-67.2396941
1.49404e-06,-67.3190671
1.49408e-06,-67.4045893
1.49412e-06,-67.6268497
1.49416e-06,-67.0179832
1.4942e-06,-67.7720132
1.49424e-06,-67.2761976
1.49428e-06,-66.936062
1.49432e-06,-67.1294453
1.49436e-06,-67.3186196
1.4944e-06,-67.7481194
1.49444e-06,-67.2770593
1.49448e-06,-67.9827601
1.49452e-06,-67.5309678
1.49456e-06,-67.8793395
1.4946e-06,-66.9727133
1.49464e-06,-67.7315587
1.49468e-06,-67.2600646
1.49472e-06,-67.1158139
1.49476e-06,-66.7534638
1.4948e-06,-66.7280764
1.49484e-06,-68.0400906
1.49488e-06,-67.1628755
1.49492e-06,-67.5982129
1.49496e-06,-66.7726194
1.495e-06,-67.5450224
1.49504e-06,-68.0082339
1.49508e-06,-67.1070844
1.49512e-06,-67.5688266
1.49516e-06,-67.750108
1.4952e-06,-67.1290561
1.49524e-06,-66.9975838
1.49528e-06,-66.4235287
1.49532e-06,-67.5221599
1.49536e-06,-67.1373064
1.4954e-06,-67.3966585
1.49544e-06,-67.024447
1.49548e-06,-67.483684
1.49552e-06,-67.4632875
1.49556e-06,-67.163246
1.4956e-06,-67.2572006
1.49564e-06,-66.9775126
1.49568e-06,-67.2326545
1.49572e-06,-67.4979981
1.49576e-06,-66.7472956
1.4958e-06,-66.5191133
1.49584e-06,-66.9596406
1.49588e-06,-67.3364747
1.49592e-06,-67.4295862
1.49596e-06,-67.5294363
1.496e-06,-67.5577006
1.49604e-06,-66.513369
1.49608e-06,-67.5548754
1.49612e-06,-67.1439397
1.49616e-06,-67.9124925
1.4962e-06,-68.4615402
1.49624e-06,-67.4920185
1.49628e-06,-67.4917072
1.49632e-06,-66.8719852
1.49636e-06,-67.1152861
1.4964e-06,-67.1206324
1.49644e-06,-67.2394399
1.49648e-06,-67.1754217
1.49652e-06,-66.9624721
1.49656e-06,-67.0600043
1.4966e-06,-67.0893824
1.49664e-06,-66.8999821
1.49668e-06,-67.5189839
1.49672e-06,-67.7718281
1.49676e-06,-68.0502163
1.4968e-06,-67.4797414
1.49684e-06,-67.3276247
1.49688e-06,-67.1563567
1.49692e-06,-67.8918563
1.49696e-06,-67.0850912
1.497e-06,-67.3378115
1.49704e-06,-67.2356636
1.49708e-06,-67.2277518
1.49712e-06,-67.5084129
1.49716e-06,-67.635924
1.4972e-06,-67.179151
1.49724e-06,-66.9186212
1.49728e-06,-66.9529354
1.49732e-06,-67.1639548
1.49736e-06,-67.1129949
1.4974e-06,-67.68741
1.49744e-06,-67.2902854
1.49748e-06,-67.289714
1.49752e-06,-67.0608825
1.49756e-06,-66.9756605
1.4976e-06,-68.2801651
1.49764e-06,-67.714253
1.49768e-06,-67.3898788
1.49772e-06,-67.4990963
1.49776e-06,-67.7043776
1.4978e-06,-67.3082312
1.49784e-06,-67.6644609
1.49788e-06,-67.6141298
1.49792e-06,-67.1575339
1.49796e-06,-67.4226132
1.498e-06,-67.5531514
1.49804e-06,-67.6587533
1.49808e-06,-67.4077345
1.49812e-06,-67.5362575
1.49816e-06,-66.7247121
1.4982e-06,-67.4448117
1.49824e-06,-67.0488508
1.49828e-06,-67.4619877
1.49832e-06,-67.5276048
1.49836e-06,-67.8372646
1.4984e-06,-67.853252
1.49844e-06,-67.5452049
1.49848e-06,-67.6031734
1.49852e-06,-67.2313846
1.49856e-06,-67.6504119
1.4986e-06,-66.9304528
1.49864e-06,-67.6393545
1.49868e-06,-67.2073135
1.49872e-06,-68.0120624
1.49876e-06,-67.7417769
1.4988e-06,-67.5015745
1.49884e-06,-67.5755536
1.49888e-06,-67.2391936
1.49892e-06,-67.7202034
1.49896e-06,-67.4046039
1.499e-06,-66.5323827
1.49904e-06,-66.9492073
1.49908e-06,-67.4782591
1.49912e-06,-67.9143763
1.49916e-06,-66.6051626
1.4992e-06,-67.2560363
1.49924e-06,-67.175739
1.49928e-06,-67.3609264
1.49932e-06,-67.2241641
1.49936e-06,-66.8975461
1.4994e-06,-67.0228778
1.49944e-06,-67.860737
1.49948e-06,-67.7100226
1.49952e-06,-67.1187147
1.49956e-06,-67.6920654
1.4996e-06,-66.667539
1.49964e-06,-67.1674631
1.49968e-06,-67.3181178
1.49972e-06,-67.2684399
1.49976e-06,-67.3765166
1.4998e-06,-67.3304373
1.49984e-06,-67.4038612
1.49988e-06,-67.2612005
1.49992e-06,-67.3238048
1.49996e-06,-66.7305216
1.5e-06,-67.6025312
1.50004e-06,-67.2450853
1.50008e-06,-68.0854835
1.50012e-06,-67.4165923
1.50016e-06,-66.8649843
1.5002e-06,-67.4084594
1.50024e-06,-67.2618098
1.50028e-06,-66.6265363
1.50032e-06,-67.0754309
1.50036e-06,-67.9202419
1.5004e-06,-67.8630124
1.50044e-06,-67.4153244
1.50048e-06,-68.1044266
1.50052e-06,-67.4337467
1.50056e-06,-67.6962732
1.5006e-06,-66.977713
1.50064e-06,-67.3753332
1.50068e-06,-67.9669665
1.50072e-06,-67.8687516
1.50076e-06,-66.9415715
1.5008e-06,-67.8249187
1.50084e-06,-67.6225244
1.50088e-06,-67.1357469
1.50092e-06,-66.8300271
1.50096e-06,-67.3784302
1.501e-06,-67.3607248
1.50104e-06,-67.1819921
1.50108e-06,-66.9690754
1.50112e-06,-67.2908503
1.50116e-06,-67.1403361
1.5012e-06,-67.0663749
1.50124e-06,-67.3761998
1.50128e-06,-67.1861071
1.50132e-06,-66.9515664
1.50136e-06,-67.0992068
1.5014e-06,-66.9691097
1.50144e-06,-67.9182419
1.50148e-06,-68.2720956
1.50152e-06,-68.008858
1.50156e-06,-68.1830248
1.5016e-06,-67.2635097
1.50164e-06,-67.6729139
1.50168e-06,-67.7164303
1.50172e-06,-67.295496
1.50176e-06,-67.7152571
1.5018e-06,-67.3440369
1.50184e-06,-67.8136342
1.50188e-06,-67.3931252
1.50192e-06,-67.9548939
1.50196e-06,-67.464469
1.502e-06,-67.7617735
1.50204e-06,-67.1199393
1.50208e-06,-67.4435162
1.50212e-06,-67.7383494
1.50216e-06,-67.0168745
1.5022e-06,-67.3346455
1.50224e-06,-67.6338677
1.50228e-06,-67.277279
1.50232e-06,-67.1421615
1.50236e-06,-67.3144104
1.5024e-06,-67.338714
1.50244e-06,-67.6004018
1.50248e-06,-67.5998675
1.50252e-06,-67.6856382
1.50256e-06,-67.1780125
1.5026e-06,-67.1894855
1.50264e-06,-67.6238258
1.50268e-06,-67.5174021
1.50272e-06,-67.5374889
1.50276e-06,-67.4453624
1.5028e-06,-66.9665795
1.50284e-06,-67.1048667
1.50288e-06,-67.6706375
1.50292e-06,-67.2087979
1.50296e-06,-67.3768683
1.503e-06,-67.462469
1.50304e-06,-67.2296705
1.50308e-06,-67.4198116
1.50312e-06,-67.3981631
1.50316e-06,-67.3145793
1.5032e-06,-66.9425868
1.50324e-06,-67.0844111
1.50328e-06,-66.8267663
1.50332e-06,-67.7356699
1.50336e-06,-66.8983616
1.5034e-06,-67.5646956
1.50344e-06,-67.2528941
1.50348e-06,-67.5325023
1.50352e-06,-68.0532729
1.50356e-06,-67.8813057
1.5036e-06,-67.49199
1.50364e-06,-68.2620778
1.50368e-06,-68.3349199
1.50372e-06,-67.6078537
1.50376e-06,-67.5930724
1.5038e-06,-67.1499494
1.50384e-06,-67.466806
1.50388e-06,-67.137659
1.50392e-06,-67.2977127
1.50396e-06,-67.3162886
1.504e-06,-66.8632084
1.50404e-06,-67.3648031
1.50408e-06,-67.2783945
1.50412e-06,-67.0803865
1.50416e-06,-66.8183728
1.5042e-06,-67.5240248
1.50424e-06,-67.1886175
1.50428e-06,-67.2375731
1.50432e-06,-67.6706569
1.50436e-06,-66.9264768
1.5044e-06,-67.4650759
1.50444e-06,-68.265806
1.50448e-06,-67.5906901
1.50452e-06,-67.8403457
1.50456e-06,-67.8203097
1.5046e-06,-67.5316122
1.50464e-06,-68.0161267
1.50468e-06,-67.1992734
1.50472e-06,-67.940694
1.50476e-06,-67.5441303
1.5048e-06,-67.9690171
1.50484e-06,-67.508179
1.50488e-06,-67.8741607
1.50492e-06,-68.0022453
1.50496e-06,-68.14577
1.505e-06,-67.6910494
1.50504e-06,-67.6966377
1.50508e-06,-67.6538066
1.50512e-06,-68.0495493
1.50516e-06,-67.8786175
1.5052e-06,-67.5151204
1.50524e-06,-67.8533027
1.50528e-06,-68.4252983
1.50532e-06,-67.6606578
1.50536e-06,-68.1734085
1.5054e-06,-67.7603559
1.50544e-06,-68.0786663
1.50548e-06,-67.6920584
1.50552e-06,-67.6878761
1.50556e-06,-67.9334118
1.5056e-06,-67.5980828
1.50564e-06,-67.9745284
1.50568e-06,-67.9913553
1.50572e-06,-68.321545
1.50576e-06,-68.4190952
1.5058e-06,-68.631577
1.50584e-06,-68.1816489
1.50588e-06,-68.3656774
1.50592e-06,-68.5580911
1.50596e-06,-68.7806232
1.506e-06,-68.539891
1.50604e-06,-68.2213005
1.50608e-06,-68.8981562
1.50612e-06,-68.3454828
1.50616e-06,-68.9771593
1.5062e-06,-68.4202249
1.50624e-06,-68.2282816
1.50628e-06,-68.7627407
1.50632e-06,-69.2834792
1.50636e-06,-68.6696762
1.5064e-06,-68.7855135
1.50644e-06,-69.164817
1.50648e-06,-68.5809894
1.50652e-06,-69.4950665
1.50656e-06,-68.5440526
1.5066e-06,-68.3600257
1.50664e-06,-68.877999
1.50668e-06,-68.716661
1.50672e-06,-68.2637854
1.50676e-06,-68.7546093
1.5068e-06,-68.649765
1.50684e-06,-68.7057011
1.50688e-06,-69.3158586
1.50692e-06,-68.748847
1.50696e-06,-68.4150707
1.507e-06,-69.4422696
1.50704e-06,-68.4875049
1.50708e-06,-68.7414094
1.50712e-06,-68.7836217
1.50716e-06,-68.4945574
1.5072e-06,-68.9291559
1.50724e-06,-68.922401
1.50728e-06,-68.423203
1.50732e-06,-68.5906514
1.50736e-06,-68.422694
1.5074e-06,-68.8854656
1.50744e-06,-68.8050676
1.50748e-06,-69.1372113
1.50752e-06,-68.5984203
1.50756e-06,-69.0174697
1.5076e-06,-68.264199
1.50764e-06,-68.8723148
1.50768e-06,-69.2015051
1.50772e-06,-68.4482957
1.50776e-06,-68.6522961
1.5078e-06,-68.7644007
1.50784e-06,-69.1794047
1.50788e-06,-68.4317978
1.50792e-06,-68.2830556
1.50796e-06,-68.7632049
1.508e-06,-69.1209441
1.50804e-06,-69.0932872
1.50808e-06,-68.9540427
1.50812e-06,-68.9196638
1.50816e-06,-68.6757581
1.5082e-06,-68.6141379
1.50824e-06,-68.8153583
1.50828e-06,-69.0549893
1.50832e-06,-68.3792429
1.50836e-06,-68.5946502
1.5084e-06,-68.8128046
1.50844e-06,-68.3647255
1.50848e-06,-69.4195679
1.50852e-06,-68.4666125
1.50856e-06,-69.1183981
1.5086e-06,-68.543437
1.50864e-06,-69.0554041
1.50868e-06,-68.5397816
1.50872e-06,-69.0752963
1.50876e-06,-68.2959388
1.5088e-06,-68.9669578
1.50884e-06,-69.1393279
1.50888e-06,-68.2935981
1.50892e-06,-68.3498966
1.50896e-06,-68.2762049
1.509e-06,-68.8762062
1.50904e-06,-68.6856768
1.50908e-06,-68.5082142
1.50912e-06,-68.6017581
1.50916e-06,-68.4624239
1.5092e-06,-68.7494766
1.50924e-06,-68.6083925
1.50928e-06,-68.8939151
1.50932e-06,-68.7648892
1.50936e-06,-68.5512289
1.5094e-06,-69.6033097
1.50944e-06,-68.8898552
1.50948e-06,-69.3489568
1.50952e-06,-68.881711
1.50956e-06,-68.9693943
1.5096e-06,-68.4970241
1.50964e-06,-68.630453
1.50968e-06,-68.9167552
1.50972e-06,-68.7671185
1.50976e-06,-68.6068212
1.5098e-06,-69.4358358
1.50984e-06,-68.4244543
1.50988e-06,-68.7046884
1.50992e-06,-68.7501212
1.50996e-06,-68.7793596
1.51e-06,-68.6667332
1.51004e-06,-68.5480141
1.51008e-06,-68.5370097
1.51012e-06,-68.6399263
1.51016e-06,-68.565943
1.5102e-06,-68.3613287
1.51024e-06,-68.4110003
1.51028e-06,-68.5061717
1.51032e-06,-68.6533238
1.51036e-06,-68.4176928
1.5104e-06,-69.0823138
1.51044e-06,-67.9908908
1.51048e-06,-68.9762999
1.51052e-06,-68.2840749
1.51056e-06,-68.8131584
1.5106e-06,-68.7460907
1.51064e-06,-68.8065077
1.51068e-06,-68.4386778
1.51072e-06,-68.8779833
1.51076e-06,-69.1514602
1.5108e-06,-68.6375994
1.51084e-06,-68.4175005
1.51088e-06,-68.853496
1.51092e-06,-68.984988
1.51096e-06,-67.8498728
1.511e-06,-69.3746554
1.51104e-06,-68.9772422
1.51108e-06,-68.6713002
1.51112e-06,-68.3363841
1.51116e-06,-68.8779263
1.5112e-06,-69.0783356
1.51124e-06,-68.8040472
1.51128e-06,-68.5242191
1.51132e-06,-68.5298785
1.51136e-06,-68.8936178
1.5114e-06,-68.6748449
1.51144e-06,-68.5732432
1.51148e-06,-68.6857851
1.51152e-06,-68.6684673
1.51156e-06,-69.3252027
1.5116e-06,-69.3812465
1.51164e-06,-69.0458208
1.51168e-06,-69.0542571
1.51172e-06,-68.4163812
1.51176e-06,-69.0920504
1.5118e-06,-68.6229761
1.51184e-06,-69.0418213
1.51188e-06,-67.9746296
1.51192e-06,-69.6359346
1.51196e-06,-68.4871226
1.512e-06,-68.6111757
1.51204e-06,-69.0853686
1.51208e-06,-69.0173538
1.51212e-06,-68.2169157
1.51216e-06,-68.8114748
1.5122e-06,-68.2744135
1.51224e-06,-68.3834126
1.51228e-06,-68.9358736
1.51232e-06,-68.8591185
1.51236e-06,-68.3396167
1.5124e-06,-68.4021816
1.51244e-06,-68.8574307
1.51248e-06,-68.9243966
1.51252e-06,-68.9561497
1.51256e-06,-68.7838514
1.5126e-06,-68.6680201
1.51264e-06,-69.1271211
1.51268e-06,-68.6372411
1.51272e-06,-69.2754903
1.51276e-06,-68.6788434
1.5128e-06,-68.5581242
1.51284e-06,-68.3557595
1.51288e-06,-68.1982755
1.51292e-06,-68.5812822
1.51296e-06,-68.5867413
1.513e-06,-68.8885343
1.51304e-06,-68.339133
1.51308e-06,-68.9911647
1.51312e-06,-68.669953
1.51316e-06,-68.6724633
1.5132e-06,-69.3790572
1.51324e-06,-68.7556612
1.51328e-06,-69.1684138
1.51332e-06,-68.7680976
1.51336e-06,-68.7612054
1.5134e-06,-69.2165618
1.51344e-06,-68.4228088
1.51348e-06,-69.5522157
1.51352e-06,-68.9639126
1.51356e-06,-69.3954213
1.5136e-06,-68.7960509
1.51364e-06,-68.8583742
1.51368e-06,-68.2557331
1.51372e-06,-69.2859867
1.51376e-06,-68.1157697
1.5138e-06,-68.7158684
1.51384e-06,-68.5347553
1.51388e-06,-68.5376929
1.51392e-06,-69.4916059
1.51396e-06,-67.8661418
1.514e-06,-69.0248038
1.51404e-06,-68.7186085
1.51408e-06,-68.2965709
1.51412e-06,-69.1376183
1.51416e-06,-68.9106107
1.5142e-06,-68.6487404
1.51424e-06,-69.0308231
1.51428e-06,-68.3863929
1.51432e-06,-68.6379207
1.51436e-06,-68.3752989
1.5144e-06,-68.616225
1.51444e-06,-68.8520709
1.51448e-06,-68.9439968
1.51452e-06,-68.0556313
1.51456e-06,-68.565141
1.5146e-06,-68.5100442
1.51464e-06,-68.6514482
1.51468e-06,-68.1337455
1.51472e-06,-68.5121463
1.51476e-06,-68.3990176
1.5148e-06,-68.693591
1.51484e-06,-68.7749985
1.51488e-06,-68.0902761
1.51492e-06,-68.9337286
1.51496e-06,-68.418648
1.515e-06,-69.2072618
1.51504e-06,-68.8235581
1.51508e-06,-68.5061463
1.51512e-06,-68.3902437
1.51516e-06,-69.0576791
1.5152e-06,-68.7306951
1.51524e-06,-68.7793808
1.51528e-06,-68.7724268
1.51532e-06,-68.4860103
1.51536e-06,-68.8114932
1.5154e-06,-68.755965
1.51544e-06,-68.934464
1.51548e-06,-68.6520385
1.51552e-06,-68.7424063
1.51556e-06,-67.9719506
1.5156e-06,-68.5570115
1.51564e-06,-69.0350677
1.51568e-06,-68.3047241
1.51572e-06,-68.6621336
1.51576e-06,-68.0131929
1.5158e-06,-68.856757
1.51584e-06,-68.1656167
1.51588e-06,-68.1139571
1.51592e-06,-68.3325236
1.51596e-06,-68.6452322
1.516e-06,-69.3388375
1.51604e-06,-68.9832887
1.51608e-06,-68.25089
1.51612e-06,-69.2389736
1.51616e-06,-68.6401353
1.5162e-06,-69.1283869
1.51624e-06,-68.4757979
1.51628e-06,-68.4637095
1.51632e-06,-68.3326275
1.51636e-06,-68.6451055
1.5164e-06,-68.4563582
1.51644e-06,-69.2962299
1.51648e-06,-67.9353182
1.51652e-06,-69.020239
1.51656e-06,-68.5538593
1.5166e-06,-68.7773048
1.51664e-06,-68.1693846
1.51668e-06,-68.8435358
1.51672e-06,-68.7279024
1.51676e-06,-69.2179839
1.5168e-06,-68.5976045
1.51684e-06,-68.6176845
1.51688e-06,-68.6778295
1.51692e-06,-68.7722568
1.51696e-06,-68.6411218
1.517e-06,-68.650981
1.51704e-06,-68.5368097
1.51708e-06,-68.6126942
1.51712e-06,-68.9478285
1.51716e-06,-68.5838757
1.5172e-06,-68.65218
1.51724e-06,-69.2024046
1.51728e-06,-68.6281759
1.51732e-06,-69.1285082
1.51736e-06,-68.1909575
1.5174e-06,-68.4456345
1.51744e-06,-68.7731582
1.51748e-06,-68.8557984
1.51752e-06,-68.4100109
1.51756e-06,-69.0146444
1.5176e-06,-68.1544377
1.51764e-06,-68.5816351
1.51768e-06,-68.7717683
1.51772e-06,-68.6686791
1.51776e-06,-68.1876616
1.5178e-06,-68.5149421
1.51784e-06,-68.783247
1.51788e-06,-68.6258852
1.51792e-06,-68.9136027
1.51796e-06,-68.7424097
1.518e-06,-68.6974043
1.51804e-06,-68.6553201
1.51808e-06,-68.8835855
1.51812e-06,-68.6919159
1.51816e-06,-68.7858821
1.5182e-06,-68.5040916
1.51824e-06,-68.8839348
1.51828e-06,-68.4345182
1.51832e-06,-68.5190955
1.51836e-06,-68.4472969
1.5184e-06,-68.8980162
1.51844e-06,-68.298858
1.51848e-06,-68.9131549
1.51852e-06,-68.5247581
1.51856e-06,-68.9909357
1.5186e-06,-68.9755325
1.51864e-06,-68.2423515
1.51868e-06,-68.8378452
1.51872e-06,-68.7853914
1.51876e-06,-68.6281746
1.5188e-06,-68.4096155
1.51884e-06,-68.2443905
1.51888e-06,-68.3291831
1.51892e-06,-68.2783817
1.51896e-06,-68.5397421
1.519e-06,-68.9370098
1.51904e-06,-68.3253119
1.51908e-06,-68.3373869
1.51912e-06,-68.234182
1.51916e-06,-68.4175004
1.5192e-06,-68.3614522
1.51924e-06,-69.2205965
1.51928e-06,-67.9605485
1.51932e-06,-68.7127952
1.51936e-06,-68.6069388
1.5194e-06,-68.7143721
1.51944e-06,-68.6809105
1.51948e-06,-68.8776708
1.51952e-06,-68.810845
1.51956e-06,-68.7435568
1.5196e-06,-68.9614688
1.51964e-06,-68.7779569
1.51968e-06,-68.8577189
1.51972e-06,-68.5475192
1.51976e-06,-68.5564308
1.5198e-06,-68.964193
1.51984e-06,-68.6639678
1.51988e-06,-68.7352951
1.51992e-06,-69.0685805
1.51996e-06,-68.6967811
1.52e-06,-68.7391131
1.52004e-06,-68.5847646
1.52008e-06,-67.9512662
1.52012e-06,-68.4804328
1.52016e-06,-68.7323345
1.5202e-06,-68.6943819
1.52024e-06,-68.9480172
1.52028e-06,-68.2805158
1.52032e-06,-68.5010966
1.52036e-06,-67.8603863
1.5204e-06,-68.7112054
1.52044e-06,-68.7992069
1.52048e-06,-68.3739984
1.52052e-06,-68.1840086
1.52056e-06,-68.9768572
1.5206e-06,-68.3227792
1.52064e-06,-68.2835377
1.52068e-06,-69.0460689
1.52072e-06,-68.2173317
1.52076e-06,-68.7272223
1.5208e-06,-68.45744
1.52084e-06,-68.3830309
1.52088e-06,-68.7377554
1.52092e-06,-68.7578336
1.52096e-06,-69.4033067
1.521e-06,-68.8344873
1.52104e-06,-68.7690605
1.52108e-06,-68.6560751
1.52112e-06,-69.0237163
1.52116e-06,-69.162892
1.5212e-06,-68.517005
1.52124e-06,-69.2961242
1.52128e-06,-69.0511369
1.52132e-06,-68.8242852
1.52136e-06,-68.697428
1.5214e-06,-69.0448235
1.52144e-06,-69.1931992
1.52148e-06,-68.7513135
1.52152e-06,-68.6164151
1.52156e-06,-68.9438492
1.5216e-06,-69.5563215
1.52164e-06,-68.3518075
1.52168e-06,-68.5653001
1.52172e-06,-68.6149163
1.52176e-06,-68.2804627
1.5218e-06,-68.2243196
1.52184e-06,-68.5137958
1.52188e-06,-68.3582539
1.52192e-06,-68.5273356
1.52196e-06,-69.0495782
1.522e-06,-68.1635444
1.52204e-06,-68.4215999
1.52208e-06,-68.4962079
1.52212e-06,-67.9815293
1.52216e-06,-68.3956194
1.5222e-06,-68.7105974
1.52224e-06,-68.4757771
1.52228e-06,-68.86654
1.52232e-06,-68.824249
1.52236e-06,-68.8735455
1.5224e-06,-68.8058739
1.52244e-06,-68.2315899
1.52248e-06,-68.9747293
1.52252e-06,-68.5333335
1.52256e-06,-68.6846558
1.5226e-06,-69.1711224
1.52264e-06,-69.0008217
1.52268e-06,-68.811953
1.52272e-06,-69.0771739
1.52276e-06,-68.9693605
1.5228e-06,-68.2800921
1.52284e-06,-68.5674321
1.52288e-06,-68.0926846
1.52292e-06,-68.7728446
1.52296e-06,-68.2693743
1.523e-06,-68.8985927
1.52304e-06,-69.0044015
1.52308e-06,-68.6990085
1.52312e-06,-68.7822611
1.52316e-06,-69.6309967
1.5232e-06,-68.4935569
1.52324e-06,-68.1713637
1.52328e-06,-68.7822611
1.52332e-06,-68.4475766
1.52336e-06,-68.6626832
1.5234e-06,-68.7512111
1.52344e-06,-68.6695663
1.52348e-06,-68.8657307
1.52352e-06,-68.9243935
1.52356e-06,-68.7033778
1.5236e-06,-68.7176894
1.52364e-06,-68.3205766
1.52368e-06,-68.104565
1.52372e-06,-68.188817
1.52376e-06,-68.0573006
1.5238e-06,-68.7136651
1.52384e-06,-68.4792041
1.52388e-06,-68.4532303
1.52392e-06,-68.3341235
1.52396e-06,-68.2875221
1.524e-06,-67.855404
1.52404e-06,-68.2236472
1.52408e-06,-68.2085208
1.52412e-06,-67.9275765
1.52416e-06,-68.4414941
1.5242e-06,-67.7188348
1.52424e-06,-67.9477595
1.52428e-06,-68.3020529
1.52432e-06,-68.2524264
1.52436e-06,-68.2799997
1.5244e-06,-68.1553172
1.52444e-06,-68.1894469
1.52448e-06,-68.3810967
1.52452e-06,-68.536557
1.52456e-06,-68.2122235
1.5246e-06,-68.2562678
1.52464e-06,-68.2446459
1.52468e-06,-68.569656
1.52472e-06,-68.030272
1.52476e-06,-68.5286186
1.5248e-06,-68.1085394
1.52484e-06,-68.1045704
1.52488e-06,-67.6199772
1.52492e-06,-68.3267478
1.52496e-06,-68.7489578
1.525e-06,-68.0634222
1.52504e-06,-68.1054365
1.52508e-06,-67.9129766
1.52512e-06,-68.3359689
1.52516e-06,-68.1386457
1.5252e-06,-68.0661373
1.52524e-06,-68.2096748
1.52528e-06,-67.758619
1.52532e-06,-68.6323863
1.52536e-06,-67.7253633
1.5254e-06,-67.9597741
1.52544e-06,-68.0322569
1.52548e-06,-68.3786799
1.52552e-06,-67.8941846
1.52556e-06,-68.0919827
1.5256e-06,-67.6921446
1.52564e-06,-67.8639303
1.52568e-06,-68.1384235
1.52572e-06,-67.9476995
1.52576e-06,-68.5614214
1.5258e-06,-67.4365966
1.52584e-06,-67.9633428
1.52588e-06,-68.078695
1.52592e-06,-68.2140051
1.52596e-06,-68.1530898
1.526e-06,-68.0637455
1.52604e-06,-68.2421486
1.52608e-06,-68.541235
1.52612e-06,-68.0858545
1.52616e-06,-68.1815482
1.5262e-06,-67.5800584
1.52624e-06,-68.0000625
1.52628e-06,-68.1131513
1.52632e-06,-67.446239
1.52636e-06,-68.5288214
1.5264e-06,-67.9232858
1.52644e-06,-67.8946732
1.52648e-06,-67.907547
1.52652e-06,-68.1007917
1.52656e-06,-67.9431475
1.5266e-06,-67.407233
1.52664e-06,-68.2152307
1.52668e-06,-67.6873649
1.52672e-06,-68.1420544
1.52676e-06,-67.9582528
1.5268e-06,-68.4122214
1.52684e-06,-68.0860626
1.52688e-06,-67.9192269
1.52692e-06,-67.7201048
1.52696e-06,-68.3075314
1.527e-06,-67.6297379
1.52704e-06,-66.9906387
1.52708e-06,-67.4041105
1.52712e-06,-66.2767572
1.52716e-06,-65.881661
1.5272e-06,-64.4911957
1.52724e-06,-62.1198219
1.52728e-06,-59.8735039
1.52732e-06,-54.4866921
1.52736e-06,-46.8969797
1.5274e-06,-40.4732799
1.52744e-06,-34.1500885
1.52748e-06,-27.1684841
1.52752e-06,-12.0541041
1.52756e-06,-9.43334158
1.5276e-06,-9.44110263
1.52764e-06,-11.9673819
1.52768e-06,-27.7402299
1.52772e-06,-35.387004
1.52776e-06,-39.905179
1.5278e-06,-44.1981835
1.52784e-06,-49.3959366
1.52788e-06,-57.6459963
1.52792e-06,-62.5615192
1.52796e-06,-65.3459055
1.528e-06,-66.2178524
1.52804e-06,-66.6077757
1.52808e-06,-67.0032471
1.52812e-06,-67.169468
1.52816e-06,-67.6642291
1.5282e-06,-67.8353785
1.52824e-06,-68.048475
1.52828e-06,-67.9680923
1.52832e-06,-67.8581283
1.52836e-06,-68.4992333
1.5284e-06,-68.1021923
1.52844e-06,-67.9771257
1.52848e-06,-67.5150586
1.52852e-06,-68.1108835
1.52856e-06,-68.1399026
1.5286e-06,-67.2611991
1.52864e-06,-68.4429303
1.52868e-06,-67.7547551
1.52872e-06,-67.3389821
1.52876e-06,-67.8902226
1.5288e-06,-68.1309331
1.52884e-06,-67.5985901
1.52888e-06,-67.9140635
1.52892e-06,-67.6259034
1.52896e-06,-68.558613
1.529e-06,-67.7165178
1.52904e-06,-68.4659786
1.52908e-06,-68.39691
1.52912e-06,-68.0658984
1.52916e-06,-67.8727967
1.5292e-06,-68.2421235
1.52924e-06,-68.2799351
1.52928e-06,-68.354013
1.52932e-06,-67.6598568
1.52936e-06,-68.8017697
1.5294e-06,-68.4748413
1.52944e-06,-67.3964703
1.52948e-06,-68.4646008
1.52952e-06,-67.8096732
1.52956e-06,-68.2230005
1.5296e-06,-68.2486824
1.52964e-06,-67.8343403
1.52968e-06,-68.0835611
1.52972e-06,-68.2270226
1.52976e-06,-68.7399138
1.5298e-06,-67.6824781
1.52984e-06,-68.6087644
1.52988e-06,-67.9463992
1.52992e-06,-68.5505092
1.52996e-06,-68.4072359
1.53e-06,-67.666995
1.53004e-06,-68.1037074
1.53008e-06,-68.3945757
1.53012e-06,-67.6591181
1.53016e-06,-68.096674
1.5302e-06,-68.2862357
1.53024e-06,-68.1500537
1.53028e-06,-68.2634565
1.53032e-06,-67.8067161
1.53036e-06,-68.2865581
1.5304e-06,-68.7166448
1.53044e-06,-68.0964765
1.53048e-06,-67.9348596
1.53052e-06,-68.695703
1.53056e-06,-68.5263414
1.5306e-06,-68.7053487
1.53064e-06,-68.4926509
1.53068e-06,-68.2807939
1.53072e-06,-68.4892139
1.53076e-06,-68.0760888
1.5308e-06,-68.4385336
1.53084e-06,-67.7687206
1.53088e-06,-68.037153
1.53092e-06,-68.0854434
1.53096e-06,-68.4439539
1.531e-06,-68.4383714
1.53104e-06,-68.5186559
1.53108e-06,-68.5198955
1.53112e-06,-68.7217224
1.53116e-06,-69.4118639
1.5312e-06,-68.7261905
1.53124e-06,-68.5721217
1.53128e-06,-68.8624668
1.53132e-06,-69.0249703
1.53136e-06,-68.4327485
1.5314e-06,-68.0748697
1.53144e-06,-68.2930298
1.53148e-06,-68.2863388
1.53152e-06,-69.0896964
1.53156e-06,-69.2648055
1.5316e-06,-68.8111899
1.53164e-06,-68.7799309
1.53168e-06,-68.7843816
1.53172e-06,-68.9395498
1.53176e-06,-68.2736619
1.5318e-06,-69.3289746
1.53184e-06,-68.6340255
1.53188e-06,-69.0471001
1.53192e-06,-68.3864713
1.53196e-06,-68.6797674
1.532e-06,-68.2933826
1.53204e-06,-68.6138912
1.53208e-06,-69.1102744
1.53212e-06,-68.7191857
1.53216e-06,-68.8029492
1.5322e-06,-68.4197683
1.53224e-06,-69.1211053
1.53228e-06,-68.1457427
1.53232e-06,-69.3088794
1.53236e-06,-68.5846293
1.5324e-06,-68.132567
1.53244e-06,-68.7892665
1.53248e-06,-68.6141328
1.53252e-06,-68.8136514
1.53256e-06,-68.3217987
1.5326e-06,-68.6560159
1.53264e-06,-69.1525702
1.53268e-06,-68.9433577
1.53272e-06,-69.4107043
1.53276e-06,-68.6672354
1.5328e-06,-68.2177494
1.53284e-06,-68.5944912
1.53288e-06,-69.0024551
1.53292e-06,-68.8236799
1.53296e-06,-69.3343029
1.533e-06,-68.8239095
1.53304e-06,-68.9285142
1.53308e-06,-69.0352077
1.53312e-06,-68.6893698
1.53316e-06,-69.2876988
1.5332e-06,-69.0969208
1.53324e-06,-68.5687766
1.53328e-06,-69.6490042
1.53332e-06,-68.4462053
1.53336e-06,-68.9457296
1.5334e-06,-69.2337763
1.53344e-06,-68.7992692
1.53348e-06,-69.2060562
1.53352e-06,-68.8983754
1.53356e-06,-68.8467853
1.5336e-06,-69.1207359
1.53364e-06,-68.7699482
1.53368e-06,-69.0563858
1.53372e-06,-68.8437769
1.53376e-06,-68.3523626
1.5338e-06,-69.3278354
1.53384e-06,-69.0278688
1.53388e-06,-68.8891559
1.53392e-06,-68.3715402
1.53396e-06,-68.6723071
1.534e-06,-68.7230003
1.53404e-06,-69.0064247
1.53408e-06,-68.7638771
1.53412e-06,-68.2992235
1.53416e-06,-68.7278998
1.5342e-06,-68.6988493
1.53424e-06,-68.6349546
1.53428e-06,-69.1235568
1.53432e-06,-68.4840875
1.53436e-06,-68.8031509
1.5344e-06,-69.2215503
1.53444e-06,-68.7582006
1.53448e-06,-69.1465106
1.53452e-06,-69.5825429
1.53456e-06,-69.2595713
1.5346e-06,-68.9617089
1.53464e-06,-69.2688609
1.53468e-06,-68.4677109
1.53472e-06,-68.7045268
1.53476e-06,-69.6685306
1.5348e-06,-68.7243399
1.53484e-06,-68.8702375
1.53488e-06,-70.005471
1.53492e-06,-69.0143283
1.53496e-06,-68.7319956
1.535e-06,-69.1120771
1.53504e-06,-69.02104
1.53508e-06,-68.638236
1.53512e-06,-69.2892995
1.53516e-06,-68.9951043
1.5352e-06,-69.4031492
1.53524e-06,-68.8482209
1.53528e-06,-68.8129082
1.53532e-06,-69.3154757
1.53536e-06,-68.2269698
1.5354e-06,-69.1444877
1.53544e-06,-69.3906024
1.53548e-06,-68.9583736
1.53552e-06,-68.852467
1.53556e-06,-68.8791894
1.5356e-06,-68.9323516
1.53564e-06,-69.3461838
1.53568e-06,-68.9817796
1.53572e-06,-69.1536923
1.53576e-06,-69.3432442
1.5358e-06,-69.2917863
1.53584e-06,-68.9055209
1.53588e-06,-69.3913389
1.53592e-06,-68.7844024
1.53596e-06,-69.3559479
1.536e-06,-69.1880519
1.53604e-06,-68.7918465
1.53608e-06,-68.2722871
1.53612e-06,-69.1951505
1.53616e-06,-68.9133552
1.5362e-06,-69.0868289
1.53624e-06,-69.1395359
1.53628e-06,-69.0894194
1.53632e-06,-69.5353579
1.53636e-06,-68.9454995
1.5364e-06,-69.7445131
1.53644e-06,-68.5274877
1.53648e-06,-69.2661002
1.53652e-06,-69.1552313
1.53656e-06,-69.0397312
1.5366e-06,-68.4528871
1.53664e-06,-69.2672569
1.53668e-06,-68.5766675
1.53672e-06,-69.0818909
1.53676e-06,-69.1042943
1.5368e-06,-69.2413231
1.53684e-06,-68.7268718
1.53688e-06,-68.3901906
1.53692e-06,-68.9438355
1.53696e-06,-68.9852405
1.537e-06,-69.2633248
1.53704e-06,-68.6467339
1.53708e-06,-68.6329011
1.53712e-06,-68.4471121
1.53716e-06,-68.9315535
1.5372e-06,-68.111341
1.53724e-06,-68.5985681
1.53728e-06,-68.4077534
1.53732e-06,-68.6504134
1.53736e-06,-68.4797948
1.5374e-06,-69.7017283
1.53744e-06,-68.8830918
1.53748e-06,-68.7659973
1.53752e-06,-68.8785475
1.53756e-06,-69.2822013
1.5376e-06,-68.7863084
1.53764e-06,-69.5373669
1.53768e-06,-68.7971294
1.53772e-06,-69.0569102
1.53776e-06,-69.0438443
1.5378e-06,-69.6237933
1.53784e-06,-68.88643
1.53788e-06,-68.62796
1.53792e-06,-68.9152846
1.53796e-06,-69.1084745
1.538e-06,-68.8187346
1.53804e-06,-68.7527717
1.53808e-06,-69.5585335
1.53812e-06,-68.803642
1.53816e-06,-68.8405837
1.5382e-06,-68.4824171
1.53824e-06,-68.627665
1.53828e-06,-68.8182636
1.53832e-06,-69.4315772
1.53836e-06,-69.0107469
1.5384e-06,-68.6978436
1.53844e-06,-68.7987197
1.53848e-06,-69.2988406
1.53852e-06,-68.9555314
1.53856e-06,-68.6795286
1.5386e-06,-69.3212058
1.53864e-06,-68.3601944
1.53868e-06,-69.1130751
1.53872e-06,-68.6712432
1.53876e-06,-68.9983974
1.5388e-06,-69.13174
1.53884e-06,-69.0075644
1.53888e-06,-69.106245
1.53892e-06,-69.0997753
1.53896e-06,-68.6622722
1.539e-06,-68.5793112
1.53904e-06,-68.432767
1.53908e-06,-68.623522
1.53912e-06,-68.4601598
1.53916e-06,-68.9519359
1.5392e-06,-68.8247475
1.53924e-06,-68.511407
1.53928e-06,-68.6354767
1.53932e-06,-69.2412535
1.53936e-06,-68.7203918
1.5394e-06,-68.1949699
1.53944e-06,-68.9427597
1.53948e-06,-69.1343198
1.53952e-06,-68.2754048
1.53956e-06,-68.2244675
1.5396e-06,-69.3429741
1.53964e-06,-68.1751741
1.53968e-06,-68.3969182
1.53972e-06,-68.9870128
1.53976e-06,-68.509708
1.5398e-06,-68.1306191
1.53984e-06,-68.5361515
1.53988e-06,-68.8310219
1.53992e-06,-68.5633392
1.53996e-06,-68.7925081
1.54e-06,-68.9177567
1.54004e-06,-69.4708613
1.54008e-06,-68.3708302
1.54012e-06,-68.4560334
1.54016e-06,-68.8824449
1.5402e-06,-68.4774246
1.54024e-06,-68.7436647
1.54028e-06,-68.8110929
1.54032e-06,-68.5985268
1.54036e-06,-68.5752429
1.5404e-06,-68.5972301
1.54044e-06,-68.8279887
1.54048e-06,-68.1578723
1.54052e-06,-68.5240556
1.54056e-06,-68.9068812
1.5406e-06,-68.8522966
1.54064e-06,-68.993782
1.54068e-06,-67.9096424
1.54072e-06,-69.0692335
1.54076e-06,-68.3938586
1.5408e-06,-69.126768
1.54084e-06,-68.3734235
1.54088e-06,-68.3553389
1.54092e-06,-68.6556558
1.54096e-06,-69.2417573
1.541e-06,-68.6002336
1.54104e-06,-69.1365684
1.54108e-06,-68.4414889
1.54112e-06,-68.9634463
1.54116e-06,-68.744979
1.5412e-06,-68.8729076
1.54124e-06,-68.5531721
1.54128e-06,-68.6872338
1.54132e-06,-68.7172728
1.54136e-06,-68.9220366
1.5414e-06,-68.6028246
1.54144e-06,-69.1519566
1.54148e-06,-68.3082224
1.54152e-06,-67.7999573
1.54156e-06,-68.2459737
1.5416e-06,-68.8890212
1.54164e-06,-68.8661454
1.54168e-06,-68.8905191
1.54172e-06,-68.662619
1.54176e-06,-68.5262568
1.5418e-06,-68.65863
1.54184e-06,-68.6922175
1.54188e-06,-68.3306237
1.54192e-06,-68.7847459
1.54196e-06,-69.6453836
1.542e-06,-68.1471098
1.54204e-06,-68.6485396
1.54208e-06,-69.0552977
1.54212e-06,-68.3328452
1.54216e-06,-68.6911274
1.5422e-06,-68.6643395
1.54224e-06,-68.4413283
1.54228e-06,-68.9211795
1.54232e-06,-68.634677
1.54236e-06,-68.8068811
1.5424e-06,-68.3647147
1.54244e-06,-68.5782188
1.54248e-06,-68.4705902
1.54252e-06,-68.4503683
1.54256e-06,-68.9423894
1.5426e-06,-68.2639194
1.54264e-06,-68.8941892
1.54268e-06,-68.7880151
1.54272e-06,-68.5204844
1.54276e-06,-68.4332263
1.5428e-06,-68.7254859
1.54284e-06,-68.7556739
1.54288e-06,-68.6533781
1.54292e-06,-69.3343966
1.54296e-06,-68.3062621
1.543e-06,-68.6817429
1.54304e-06,-68.3824677
1.54308e-06,-68.6119977
1.54312e-06,-69.0025102
1.54316e-06,-69.0830684
1.5432e-06,-68.8113583
1.54324e-06,-69.0778259
1.54328e-06,-68.846298
1.54332e-06,-68.2221988
1.54336e-06,-68.5179506
1.5434e-06,-68.7875252
1.54344e-06,-68.5324827
1.54348e-06,-68.8724325
1.54352e-06,-68.4478212
1.54356e-06,-69.3066936
1.5436e-06,-68.6302115
1.54364e-06,-68.859422
1.54368e-06,-68.8904243
1.54372e-06,-68.7568783
1.54376e-06,-68.6308459
1.5438e-06,-68.5830834
1.54384e-06,-68.2640921
1.54388e-06,-68.5674633
1.54392e-06,-68.528169
1.54396e-06,-68.8982267
1.544e-06,-68.9335999
1.54404e-06,-68.5775126
1.54408e-06,-69.0775072
1.54412e-06,-68.2603836
1.54416e-06,-68.4518941
1.5442e-06,-68.8132501
1.54424e-06,-69.1951173
1.54428e-06,-68.8321811
1.54432e-06,-68.5895936
1.54436e-06,-68.2241062
1.5444e-06,-68.3581123
1.54444e-06,-68.2481215
1.54448e-06,-68.3087026
1.54452e-06,-69.0803689
1.54456e-06,-67.8674207
1.5446e-06,-67.7155099
1.54464e-06,-68.2910021
1.54468e-06,-68.4923196
1.54472e-06,-68.8090027
1.54476e-06,-68.519019
1.5448e-06,-68.967863
1.54484e-06,-69.1266442
1.54488e-06,-68.8721513
1.54492e-06,-68.6750403
1.54496e-06,-68.8422026
1.545e-06,-68.3425686
1.54504e-06,-68.4689765
1.54508e-06,-68.4250743
1.54512e-06,-68.8439454
1.54516e-06,-68.4170236
1.5452e-06,-68.8260672
1.54524e-06,-68.9248104
1.54528e-06,-68.8859472
1.54532e-06,-68.0768624
1.54536e-06,-68.595179
1.5454e-06,-68.5982347
1.54544e-06,-68.6971646
1.54548e-06,-69.2121899
1.54552e-06,-68.4749145
1.54556e-06,-68.5698766
1.5456e-06,-69.2469041
1.54564e-06,-69.0512953
1.54568e-06,-68.5320616
1.54572e-06,-68.8686333
1.54576e-06,-68.7234474
1.5458e-06,-68.68871
1.54584e-06,-68.7667881
1.54588e-06,-69.0322032
1.54592e-06,-68.7829961
1.54596e-06,-68.4977333
1.546e-06,-68.3962619
1.54604e-06,-68.5830074
1.54608e-06,-68.4870217
1.54612e-06,-68.8127489
1.54616e-06,-68.448917
1.5462e-06,-68.218761
1.54624e-06,-68.2106416
1.54628e-06,-67.4130385
1.54632e-06,-68.0901579
1.54636e-06,-68.1018207
1.5464e-06,-67.8396465
1.54644e-06,-67.8118732
1.54648e-06,-68.2247929
1.54652e-06,-67.7853855
1.54656e-06,-67.907988
1.5466e-06,-67.8070314
1.54664e-06,-67.8253346
1.54668e-06,-68.1262422
1.54672e-06,-67.9717504
1.54676e-06,-67.4468277
1.5468e-06,-68.1745666
1.54684e-06,-67.7466849
1.54688e-06,-67.8526751
1.54692e-06,-67.317205
1.54696e-06,-67.5757749
1.547e-06,-67.3798885
1.54704e-06,-67.5665301
1.54708e-06,-67.3577042
1.54712e-06,-67.1741747
1.54716e-06,-67.3948052
1.5472e-06,-67.1964747
1.54724e-06,-67.8079549
1.54728e-06,-67.6465115
1.54732e-06,-67.197658
1.54736e-06,-66.9505635
1.5474e-06,-66.7076981
1.54744e-06,-66.9887694
1.54748e-06,-67.0454905
1.54752e-06,-66.7133206
1.54756e-06,-67.0238684
1.5476e-06,-66.946392
1.54764e-06,-67.4385695
1.54768e-06,-67.1004689
1.54772e-06,-67.0058103
1.54776e-06,-66.7285883
1.5478e-06,-67.405124
1.54784e-06,-66.9139613
1.54788e-06,-66.7662097
1.54792e-06,-67.0593359
1.54796e-06,-66.6179321
1.548e-06,-66.8008669
1.54804e-06,-67.2329158
1.54808e-06,-66.4756028
1.54812e-06,-66.8751312
1.54816e-06,-67.2777396
1.5482e-06,-67.1597599
1.54824e-06,-67.0844018
1.54828e-06,-67.0168541
1.54832e-06,-67.1299213
1.54836e-06,-66.888926
1.5484e-06,-67.0335173
1.54844e-06,-67.1266481
1.54848e-06,-67.4211763
1.54852e-06,-67.3948047
1.54856e-06,-67.4684701
1.5486e-06,-67.1958815
1.54864e-06,-67.1506194
1.54868e-06,-66.9978652
1.54872e-06,-67.5855851
1.54876e-06,-67.0606698
1.5488e-06,-66.6540699
1.54884e-06,-66.9079599
1.54888e-06,-66.9249638
1.54892e-06,-66.6663893
1.54896e-06,-66.4129631
1.549e-06,-66.13052
1.54904e-06,-66.3567002
1.54908e-06,-65.1748331
1.54912e-06,-65.0330906
1.54916e-06,-64.4393294
1.5492e-06,-63.4787368
1.54924e-06,-61.3969588
1.54928e-06,-59.4207958
1.54932e-06,-57.5730891
1.54936e-06,-54.6310483
1.5494e-06,-47.1363666
1.54944e-06,-40.2197874
1.54948e-06,-32.2278147
1.54952e-06,-26.8686332
1.54956e-06,-14.7136281
1.5496e-06,-5.12337468
1.54964e-06,-4.65888601
1.54968e-06,-5.4656062
1.54972e-06,-16.8669771
1.54976e-06,-27.9427825
1.5498e-06,-34.3574255
1.54984e-06,-38.9788021
1.54988e-06,-42.905845
1.54992e-06,-51.5131102
1.54996e-06,-59.6655344
1.55e-06,-62.0882309
1.55004e-06,-63.9233846
1.55008e-06,-64.6333006
1.55012e-06,-65.0660568
1.55016e-06,-65.9217872
1.5502e-06,-66.4754859
1.55024e-06,-66.3195265
1.55028e-06,-66.9675106
1.55032e-06,-66.938104
1.55036e-06,-67.056403
1.5504e-06,-66.8761924
1.55044e-06,-66.9702685
1.55048e-06,-67.2974514
1.55052e-06,-67.2921776
1.55056e-06,-67.2641124
1.5506e-06,-67.3065255
1.55064e-06,-67.5087337
1.55068e-06,-67.5454579
1.55072e-06,-67.209099
1.55076e-06,-66.8038904
1.5508e-06,-66.9465513
1.55084e-06,-66.808835
1.55088e-06,-67.1576218
1.55092e-06,-67.286942
1.55096e-06,-67.0858114
1.551e-06,-67.4484894
1.55104e-06,-67.5276994
1.55108e-06,-66.9392248
1.55112e-06,-67.191802
1.55116e-06,-67.4580222
1.5512e-06,-67.393734
1.55124e-06,-67.520307
1.55128e-06,-67.5839323
1.55132e-06,-67.1431456
1.55136e-06,-67.1689362
1.5514e-06,-67.2936799
1.55144e-06,-67.5766982
1.55148e-06,-67.1202899
1.55152e-06,-67.4677904
1.55156e-06,-67.5196002
1.5516e-06,-67.6104347
1.55164e-06,-67.6050713
1.55168e-06,-67.2743176
1.55172e-06,-67.3503885
1.55176e-06,-67.9871525
1.5518e-06,-67.2577745
1.55184e-06,-67.5594664
1.55188e-06,-67.1353267
1.55192e-06,-67.5203864
1.55196e-06,-67.2962306
1.552e-06,-67.4453912
1.55204e-06,-67.5239809
1.55208e-06,-67.3438961
1.55212e-06,-67.2138742
1.55216e-06,-67.3709674
1.5522e-06,-67.2912526
1.55224e-06,-67.6321308
1.55228e-06,-67.5138932
1.55232e-06,-67.8628733
1.55236e-06,-67.6783105
1.5524e-06,-67.6068995
1.55244e-06,-67.5803126
1.55248e-06,-67.925187
1.55252e-06,-67.7128426
1.55256e-06,-67.2127518
1.5526e-06,-67.1931109
1.55264e-06,-67.9148286
1.55268e-06,-67.4365562
1.55272e-06,-68.0352559
1.55276e-06,-67.8021302
1.5528e-06,-68.0532118
1.55284e-06,-67.9801376
1.55288e-06,-67.6726049
1.55292e-06,-68.2729617
1.55296e-06,-68.5787907
1.553e-06,-68.4804849
1.55304e-06,-68.3792456
1.55308e-06,-68.5173856
1.55312e-06,-68.1355169
1.55316e-06,-68.575641
1.5532e-06,-68.478595
1.55324e-06,-68.0489567
1.55328e-06,-68.7017955
1.55332e-06,-68.140038
1.55336e-06,-68.7089347
1.5534e-06,-68.3347944
1.55344e-06,-68.6137665
1.55348e-06,-68.518118
1.55352e-06,-69.1548749
1.55356e-06,-68.6889128
1.5536e-06,-68.9370764
1.55364e-06,-68.8793259
1.55368e-06,-69.2923412
1.55372e-06,-68.7715945
1.55376e-06,-68.7194879
1.5538e-06,-69.3897983
1.55384e-06,-69.3499513
1.55388e-06,-68.8429585
1.55392e-06,-68.8966579
1.55396e-06,-69.448565
1.554e-06,-68.9604249
1.55404e-06,-69.2538752
1.55408e-06,-69.1495725
1.55412e-06,-68.9904889
1.55416e-06,-68.966954
1.5542e-06,-68.8190827
1.55424e-06,-68.7064689
1.55428e-06,-68.614624
1.55432e-06,-69.2330859
1.55436e-06,-68.7608775
1.5544e-06,-69.5940321
1.55444e-06,-69.2130784
1.55448e-06,-69.3500162
1.55452e-06,-68.7071275
1.55456e-06,-69.2325508
1.5546e-06,-69.243709
1.55464e-06,-69.0114852
1.55468e-06,-68.7150232
1.55472e-06,-68.6953128
1.55476e-06,-69.2698339
1.5548e-06,-69.2214833
1.55484e-06,-68.8743251
1.55488e-06,-69.2680471
1.55492e-06,-68.934067
1.55496e-06,-68.846011
1.555e-06,-69.4465909
1.55504e-06,-68.7332555
1.55508e-06,-69.0865643
1.55512e-06,-69.0854954
1.55516e-06,-69.2799261
1.5552e-06,-68.6048327
1.55524e-06,-69.6755559
1.55528e-06,-68.4385699
1.55532e-06,-69.2255699
1.55536e-06,-69.3309235
1.5554e-06,-69.1118693
1.55544e-06,-68.8381635
1.55548e-06,-69.255358
1.55552e-06,-69.6240448
1.55556e-06,-68.6712028
1.5556e-06,-69.4272288
1.55564e-06,-69.7814318
1.55568e-06,-68.6779027
1.55572e-06,-69.5108787
1.55576e-06,-68.8768953
1.5558e-06,-68.7039163
1.55584e-06,-69.0044808
1.55588e-06,-68.7814465
1.55592e-06,-68.6968569
1.55596e-06,-69.4542061
1.556e-06,-68.5121978
1.55604e-06,-68.5621601
1.55608e-06,-68.940914
1.55612e-06,-69.1894249
1.55616e-06,-68.9976787
1.5562e-06,-68.7356645
1.55624e-06,-68.8758194
1.55628e-06,-68.965167
1.55632e-06,-69.5617289
1.55636e-06,-69.0663274
1.5564e-06,-68.1390122
1.55644e-06,-68.7143802
1.55648e-06,-69.2991419
1.55652e-06,-69.5545792
1.55656e-06,-68.9151491
1.5566e-06,-69.4417218
1.55664e-06,-68.7756762
1.55668e-06,-69.6795646
1.55672e-06,-69.2004362
1.55676e-06,-69.2197453
1.5568e-06,-69.2925118
1.55684e-06,-68.9276243
1.55688e-06,-69.2449228
1.55692e-06,-69.1961756
1.55696e-06,-69.871619
1.557e-06,-68.9182462
1.55704e-06,-68.8602712
1.55708e-06,-69.1210525
1.55712e-06,-69.1028157
1.55716e-06,-69.3844558
1.5572e-06,-69.5172162
1.55724e-06,-69.177051
1.55728e-06,-69.2152729
1.55732e-06,-68.6696276
1.55736e-06,-69.082523
1.5574e-06,-69.2001835
1.55744e-06,-68.5864683
1.55748e-06,-69.2012744
1.55752e-06,-69.202876
1.55756e-06,-69.0111949
1.5576e-06,-69.096374
1.55764e-06,-68.9018692
1.55768e-06,-69.338597
1.55772e-06,-69.5808944
1.55776e-06,-68.7315219
1.5578e-06,-69.308791
1.55784e-06,-69.5474508
1.55788e-06,-68.9777498
1.55792e-06,-68.5473403
1.55796e-06,-68.8242809
1.558e-06,-68.8939494
1.55804e-06,-69.0730714
1.55808e-06,-68.8812646
1.55812e-06,-68.1791664
1.55816e-06,-69.7496856
1.5582e-06,-69.2517818
1.55824e-06,-68.4848887
1.55828e-06,-68.8200408
1.55832e-06,-68.8663838
1.55836e-06,-68.9516537
1.5584e-06,-69.121006
1.55844e-06,-68.9146109
1.55848e-06,-69.1916293
1.55852e-06,-68.7157765
1.55856e-06,-69.651462
1.5586e-06,-69.6482891
1.55864e-06,-68.800028
1.55868e-06,-69.4428239
1.55872e-06,-69.2433373
1.55876e-06,-69.2192834
1.5588e-06,-68.9607988
1.55884e-06,-69.4852239
1.55888e-06,-69.1497797
1.55892e-06,-68.4878122
1.55896e-06,-69.8134113
1.559e-06,-69.7197037
1.55904e-06,-68.8242891
1.55908e-06,-69.0767855
1.55912e-06,-69.0273287
1.55916e-06,-69.2742438
1.5592e-06,-69.1396804
1.55924e-06,-69.6970302
1.55928e-06,-68.7562183
1.55932e-06,-68.7648619
1.55936e-06,-68.9156103
1.5594e-06,-69.0027074
1.55944e-06,-68.5934035
1.55948e-06,-68.6437607
1.55952e-06,-68.4744013
1.55956e-06,-69.2045006
1.5596e-06,-68.2480919
1.55964e-06,-69.3168491
1.55968e-06,-69.5006539
1.55972e-06,-68.8240613
1.55976e-06,-69.626928
1.5598e-06,-69.4436522
1.55984e-06,-69.0143806
1.55988e-06,-69.3271567
1.55992e-06,-69.1277356
1.55996e-06,-68.3784765
1.56e-06,-69.0943088
1.56004e-06,-69.3303513
1.56008e-06,-69.4802706
1.56012e-06,-69.4202973
1.56016e-06,-69.1751366
1.5602e-06,-69.4466028
1.56024e-06,-68.9123652
1.56028e-06,-69.1922075
1.56032e-06,-69.0131993
1.56036e-06,-69.4105191
1.5604e-06,-69.024777
1.56044e-06,-69.5094723
1.56048e-06,-69.1923075
1.56052e-06,-68.9561851
1.56056e-06,-69.1596545
1.5606e-06,-68.8408982
1.56064e-06,-68.8207942
1.56068e-06,-69.1001723
1.56072e-06,-68.7962492
1.56076e-06,-69.2414053
1.5608e-06,-69.1573718
1.56084e-06,-68.7450293
1.56088e-06,-68.5844045
1.56092e-06,-69.5736753
1.56096e-06,-69.1640052
1.561e-06,-69.148146
1.56104e-06,-69.2418399
1.56108e-06,-69.1236851
1.56112e-06,-69.1483789
1.56116e-06,-69.083761
1.5612e-06,-69.0344906
1.56124e-06,-68.8808544
1.56128e-06,-69.1850118
1.56132e-06,-69.1455511
1.56136e-06,-69.554637
1.5614e-06,-68.8102113
1.56144e-06,-69.5431645
1.56148e-06,-69.217269
1.56152e-06,-69.2497539
1.56156e-06,-69.1337987
1.5616e-06,-69.3819858
1.56164e-06,-69.7168615
1.56168e-06,-69.2298994
1.56172e-06,-69.1518904
1.56176e-06,-68.5638237
1.5618e-06,-69.9528593
1.56184e-06,-69.2578662
1.56188e-06,-69.0307805
1.56192e-06,-69.2919506
1.56196e-06,-68.9881656
1.562e-06,-69.297436
1.56204e-06,-69.631246
1.56208e-06,-69.6775811
1.56212e-06,-69.3080939
1.56216e-06,-68.8820929
1.5622e-06,-69.4531846
1.56224e-06,-68.8834135
1.56228e-06,-69.1690336
1.56232e-06,-69.2519349
1.56236e-06,-68.8203717
1.5624e-06,-69.3729146
1.56244e-06,-68.8008719
1.56248e-06,-69.0681948
1.56252e-06,-69.2783346
1.56256e-06,-68.8196044
1.5626e-06,-69.5815955
1.56264e-06,-68.7033577
1.56268e-06,-68.8652149
1.56272e-06,-68.7055069
1.56276e-06,-69.134132
1.5628e-06,-68.7400277
1.56284e-06,-69.1418165
1.56288e-06,-68.8324875
1.56292e-06,-68.8717443
1.56296e-06,-69.2126155
1.563e-06,-69.4059706
1.56304e-06,-68.6235307
1.56308e-06,-69.0103328
1.56312e-06,-68.9731293
1.56316e-06,-68.7108944
1.5632e-06,-68.4187432
1.56324e-06,-69.2133557
1.56328e-06,-68.4819487
1.56332e-06,-69.3143021
1.56336e-06,-68.7288909
1.5634e-06,-69.2906181
1.56344e-06,-68.6871186
1.56348e-06,-68.9511021
1.56352e-06,-69.1950195
1.56356e-06,-68.8395203
1.5636e-06,-69.0115173
1.56364e-06,-68.9853288
1.56368e-06,-68.7037324
1.56372e-06,-69.0957934
1.56376e-06,-68.7238756
1.5638e-06,-69.0784532
1.56384e-06,-69.3223178
1.56388e-06,-69.1886571
1.56392e-06,-68.9910848
1.56396e-06,-69.1008174
1.564e-06,-69.3100931
1.56404e-06,-69.7804033
1.56408e-06,-68.7320382
1.56412e-06,-69.4640454
1.56416e-06,-68.9490064
1.5642e-06,-69.1131514
1.56424e-06,-69.0313468
1.56428e-06,-69.5363156
1.56432e-06,-69.2919953
1.56436e-06,-68.4739569
1.5644e-06,-69.3467638
1.56444e-06,-69.0956791
1.56448e-06,-68.8797598
1.56452e-06,-68.6535319
1.56456e-06,-68.6143088
1.5646e-06,-69.7413939
1.56464e-06,-69.893972
1.56468e-06,-68.7753788
1.56472e-06,-68.6369559
1.56476e-06,-68.7442894
1.5648e-06,-69.3246559
1.56484e-06,-68.9592179
1.56488e-06,-68.9784945
1.56492e-06,-68.5921951
1.56496e-06,-69.319452
1.565e-06,-68.8695807
1.56504e-06,-69.1297559
1.56508e-06,-69.3881217
1.56512e-06,-69.2195843
1.56516e-06,-69.3368162
1.5652e-06,-69.1075741
1.56524e-06,-68.5725594
1.56528e-06,-69.2432098
1.56532e-06,-68.8018431
1.56536e-06,-69.3070044
1.5654e-06,-69.1249637
1.56544e-06,-68.8242382
1.56548e-06,-69.7428824
1.56552e-06,-68.9760712
1.56556e-06,-69.6984118
1.5656e-06,-69.4808849
1.56564e-06,-69.7194826
1.56568e-06,-69.6943334
1.56572e-06,-69.509746
1.56576e-06,-69.4242794
1.5658e-06,-69.084765
1.56584e-06,-69.1538923
1.56588e-06,-69.1603727
1.56592e-06,-68.9167371
1.56596e-06,-69.237376
1.566e-06,-68.8971363
1.56604e-06,-69.2178757
1.56608e-06,-69.1376362
1.56612e-06,-69.1556888
1.56616e-06,-69.3381096
1.5662e-06,-69.3490198
1.56624e-06,-69.517316
1.56628e-06,-69.4666112
1.56632e-06,-68.7795133
1.56636e-06,-69.8717752
1.5664e-06,-69.4719067
1.56644e-06,-70.0607994
1.56648e-06,-68.8690822
1.56652e-06,-69.2536398
1.56656e-06,-69.1209473
1.5666e-06,-68.6197822
1.56664e-06,-69.4409003
1.56668e-06,-68.4972901
1.56672e-06,-68.879291
1.56676e-06,-70.0828515
1.5668e-06,-68.9861121
1.56684e-06,-68.8497052
1.56688e-06,-69.258416
1.56692e-06,-69.6773377
1.56696e-06,-69.0013691
1.567e-06,-69.5440172
1.56704e-06,-69.2074689
1.56708e-06,-69.4130169
1.56712e-06,-69.7001955
1.56716e-06,-69.5014071
1.5672e-06,-69.4099903
1.56724e-06,-69.7344395
1.56728e-06,-69.2668593
1.56732e-06,-69.7785142
1.56736e-06,-69.1560393
1.5674e-06,-69.2833217
1.56744e-06,-68.5926785
1.56748e-06,-69.0957877
1.56752e-06,-69.1173203
1.56756e-06,-69.1759564
1.5676e-06,-69.4130904
1.56764e-06,-68.716495
1.56768e-06,-69.263611
1.56772e-06,-69.5158794
1.56776e-06,-69.0080797
1.5678e-06,-69.9286078
1.56784e-06,-69.3271666
1.56788e-06,-69.3093865
1.56792e-06,-69.6157541
1.56796e-06,-69.7490875
1.568e-06,-69.6446474
1.56804e-06,-69.5204713
1.56808e-06,-69.3680397
1.56812e-06,-68.7163737
1.56816e-06,-69.2408679
1.5682e-06,-69.4128825
1.56824e-06,-69.1576777
1.56828e-06,-69.5211844
1.56832e-06,-69.055241
1.56836e-06,-69.3745886
1.5684e-06,-69.3249976
1.56844e-06,-69.3009621
1.56848e-06,-69.2258122
1.56852e-06,-68.9746958
1.56856e-06,-69.9381034
1.5686e-06,-69.2445543
1.56864e-06,-69.1866993
1.56868e-06,-69.4774301
1.56872e-06,-69.9691409
1.56876e-06,-69.0813209
1.5688e-06,-68.9814389
1.56884e-06,-69.4228508
1.56888e-06,-69.5614666
1.56892e-06,-69.1819845
1.56896e-06,-69.3669421
1.569e-06,-69.0591053
1.56904e-06,-69.0173259
1.56908e-06,-68.5463634
1.56912e-06,-69.0823218
1.56916e-06,-69.1115806
1.5692e-06,-68.9724527
1.56924e-06,-69.3182462
1.56928e-06,-68.9014727
1.56932e-06,-69.7362797
1.56936e-06,-69.7359833
1.5694e-06,-69.4265114
1.56944e-06,-69.1381508
1.56948e-06,-69.364848
1.56952e-06,-69.7301512
1.56956e-06,-69.1633098
1.5696e-06,-68.5859203
1.56964e-06,-69.4952188
1.56968e-06,-68.655333
1.56972e-06,-69.7875433
1.56976e-06,-68.4747173
1.5698e-06,-70.1459455
1.56984e-06,-69.5947059
1.56988e-06,-69.138338
1.56992e-06,-69.6220964
1.56996e-06,-69.0593079
1.57e-06,-69.1227927
1.57004e-06,-69.7151526
1.57008e-06,-69.1115143
1.57012e-06,-69.3105373
1.57016e-06,-68.7621169
1.5702e-06,-69.2986979
1.57024e-06,-68.804132
1.57028e-06,-69.0521942
1.57032e-06,-68.9946986
1.57036e-06,-69.5680378
1.5704e-06,-69.2607362
1.57044e-06,-69.406421
1.57048e-06,-68.3384192
1.57052e-06,-69.1028793
1.57056e-06,-69.603055
1.5706e-06,-68.9972006
1.57064e-06,-68.8278792
1.57068e-06,-69.4483766
1.57072e-06,-69.1476696
1.57076e-06,-68.7842283
1.5708e-06,-69.1157075
1.57084e-06,-69.9562277
1.57088e-06,-69.5446601
1.57092e-06,-69.7559058
1.57096e-06,-68.9168683
1.571e-06,-69.0019712
1.57104e-06,-69.0203337
1.57108e-06,-69.3509359
1.57112e-06,-69.3912942
1.57116e-06,-68.3086528
1.5712e-06,-69.3923196
1.57124e-06,-69.3415343
1.57128e-06,-68.6718357
1.57132e-06,-69.0912589
1.57136e-06,-69.2337796
1.5714e-06,-68.8898923
1.57144e-06,-69.0623973
1.57148e-06,-68.9679635
1.57152e-06,-68.690191
1.57156e-06,-69.4759389
1.5716e-06,-68.6367817
1.57164e-06,-69.7452617
1.57168e-06,-69.1161621
1.57172e-06,-68.9813649
1.57176e-06,-69.0344954
1.5718e-06,-69.0213468
1.57184e-06,-68.5108166
1.57188e-06,-69.3747068
1.57192e-06,-69.0589304
1.57196e-06,-69.1599558
1.572e-06,-69.0471993
1.57204e-06,-68.9248145
1.57208e-06,-69.0799873
1.57212e-06,-69.3168028
1.57216e-06,-68.9855015
1.5722e-06,-69.2382372
1.57224e-06,-69.3542502
1.57228e-06,-68.6410355
1.57232e-06,-68.8728713
1.57236e-06,-69.4236013
1.5724e-06,-69.0350979
1.57244e-06,-68.9075771
1.57248e-06,-69.7027885
1.57252e-06,-69.745116
1.57256e-06,-68.8851663
1.5726e-06,-69.5684907
1.57264e-06,-68.8586273
1.57268e-06,-69.4255496
1.57272e-06,-68.7852247
1.57276e-06,-69.4068104
1.5728e-06,-69.331814
1.57284e-06,-69.4644953
1.57288e-06,-68.7364628
1.57292e-06,-69.5294296
1.57296e-06,-69.2280943
1.573e-06,-69.2969421
1.57304e-06,-69.2194562
1.57308e-06,-68.9233612
1.57312e-06,-69.3282836
1.57316e-06,-69.664742
1.5732e-06,-68.6756349
1.57324e-06,-69.6723719
1.57328e-06,-68.8204551
1.57332e-06,-69.4443105
1.57336e-06,-69.3624023
1.5734e-06,-69.0134032
1.57344e-06,-68.9507245
1.57348e-06,-69.545198
1.57352e-06,-69.805495
1.57356e-06,-69.4196746
1.5736e-06,-69.3825131
1.57364e-06,-69.0322421
1.57368e-06,-69.1881936
1.57372e-06,-69.3905446
1.57376e-06,-69.4001403
1.5738e-06,-69.4723298
1.57384e-06,-69.3837201
1.57388e-06,-69.1863587
1.57392e-06,-68.9969552
1.57396e-06,-69.8379981
1.574e-06,-69.0412101
1.57404e-06,-69.4592193
1.57408e-06,-69.084635
1.57412e-06,-68.9551407
1.57416e-06,-69.7437971
1.5742e-06,-69.0412134
1.57424e-06,-69.2047274
1.57428e-06,-68.7391937
1.57432e-06,-68.5258251
1.57436e-06,-69.034501
1.5744e-06,-69.1313817
1.57444e-06,-69.1958269
1.57448e-06,-69.0829957
1.57452e-06,-69.4058206
1.57456e-06,-69.4379916
1.5746e-06,-69.2578377
1.57464e-06,-69.5114263
1.57468e-06,-69.4000394
1.57472e-06,-69.267751
1.57476e-06,-70.0384089
1.5748e-06,-69.4047932
1.57484e-06,-69.4842812
1.57488e-06,-70.1319908
1.57492e-06,-68.8926295
1.57496e-06,-69.29783
1.575e-06,-69.4501524
1.57504e-06,-68.9358189
1.57508e-06,-69.4352403
1.57512e-06,-68.8044888
1.57516e-06,-68.9844529
1.5752e-06,-69.2754436
1.57524e-06,-70.1200265
1.57528e-06,-69.7419985
1.57532e-06,-69.1213291
1.57536e-06,-69.2053363
1.5754e-06,-69.6660699
1.57544e-06,-69.2417797
1.57548e-06,-69.090489
1.57552e-06,-69.6732596
1.57556e-06,-69.3104907
1.5756e-06,-68.9951685
1.57564e-06,-68.9305239
1.57568e-06,-68.8628184
1.57572e-06,-69.1895892
1.57576e-06,-69.51131
1.5758e-06,-68.9809233
1.57584e-06,-69.5226773
1.57588e-06,-68.8341223
1.57592e-06,-68.8705667
1.57596e-06,-69.442976
1.576e-06,-69.1364218
1.57604e-06,-70.0846195
1.57608e-06,-68.6533358
1.57612e-06,-69.3570638
1.57616e-06,-69.237117
1.5762e-06,-69.4546978
1.57624e-06,-68.6842462
1.57628e-06,-69.5309672
1.57632e-06,-69.5029812
1.57636e-06,-69.8944806
1.5764e-06,-69.8650116
1.57644e-06,-69.266306
1.57648e-06,-68.8551585
1.57652e-06,-69.1318578
1.57656e-06,-69.3384573
1.5766e-06,-68.9652013
1.57664e-06,-69.0561728
1.57668e-06,-69.191966
1.57672e-06,-68.9847433
1.57676e-06,-68.6585691
1.5768e-06,-68.7744827
1.57684e-06,-69.5315845
1.57688e-06,-69.5371007
1.57692e-06,-69.0750182
1.57696e-06,-68.9416667
1.577e-06,-69.4620618
1.57704e-06,-68.7316473
1.57708e-06,-69.1867975
1.57712e-06,-68.8203614
1.57716e-06,-69.6062733
1.5772e-06,-69.2671362
1.57724e-06,-69.9353902
1.57728e-06,-69.3967324
1.57732e-06,-69.7017268
1.57736e-06,-69.1910696
1.5774e-06,-69.1810221
1.57744e-06,-69.5592393
1.57748e-06,-69.1028965
1.57752e-06,-69.8655792
1.57756e-06,-68.7697659
1.5776e-06,-70.4173818
1.57764e-06,-68.915857
1.57768e-06,-69.3348858
1.57772e-06,-69.3735443
1.57776e-06,-69.6348529
1.5778e-06,-68.9791132
1.57784e-06,-69.6364983
1.57788e-06,-68.662063
1.57792e-06,-69.5335167
1.57796e-06,-69.3597796
1.578e-06,-69.5583669
1.57804e-06,-69.3569657
1.57808e-06,-69.9380933
1.57812e-06,-69.4919197
1.57816e-06,-69.6120098
1.5782e-06,-69.5428602
1.57824e-06,-69.4697911
1.57828e-06,-69.3682064
1.57832e-06,-69.1656171
1.57836e-06,-69.0375788
1.5784e-06,-69.0498801
1.57844e-06,-68.7443274
1.57848e-06,-69.0584399
1.57852e-06,-69.052975
1.57856e-06,-69.5828471
1.5786e-06,-68.9874237
1.57864e-06,-70.0436509
1.57868e-06,-69.4960457
1.57872e-06,-68.8990261
1.57876e-06,-70.017986
1.5788e-06,-69.3000429
1.57884e-06,-68.7172935
1.57888e-06,-68.6584866
1.57892e-06,-69.5450771
1.57896e-06,-68.429508
1.579e-06,-69.231324
1.57904e-06,-69.3212079
1.57908e-06,-68.9803509
1.57912e-06,-69.4002222
1.57916e-06,-68.1331856
1.5792e-06,-69.4790879
1.57924e-06,-68.7321891
1.57928e-06,-69.0837206
1.57932e-06,-68.7963483
1.57936e-06,-69.8129038
1.5794e-06,-69.0060501
1.57944e-06,-69.0331112
1.57948e-06,-69.251325
1.57952e-06,-69.9911204
1.57956e-06,-68.6873136
1.5796e-06,-69.3035687
1.57964e-06,-69.4361914
1.57968e-06,-69.5977251
1.57972e-06,-68.9168992
1.57976e-06,-69.7344692
1.5798e-06,-69.450555
1.57984e-06,-69.2942725
1.57988e-06,-69.2006416
1.57992e-06,-69.1490268
1.57996e-06,-68.6755119
1.58e-06,-69.6515091
1.58004e-06,-69.0965696
1.58008e-06,-69.4401881
1.58012e-06,-69.3838201
1.58016e-06,-69.3458181
1.5802e-06,-69.2904172
1.58024e-06,-68.8627346
1.58028e-06,-69.5167087
1.58032e-06,-68.4171381
1.58036e-06,-69.1575814
1.5804e-06,-69.0072835
1.58044e-06,-69.9462527
1.58048e-06,-69.0518492
1.58052e-06,-69.1728036
1.58056e-06,-69.6998975
1.5806e-06,-69.0765137
1.58064e-06,-69.1332775
1.58068e-06,-69.0844534
1.58072e-06,-69.3766838
1.58076e-06,-69.292995
1.5808e-06,-69.5832059
1.58084e-06,-68.9221855
1.58088e-06,-70.1836218
1.58092e-06,-69.0963951
1.58096e-06,-68.8292965
1.581e-06,-69.279232
1.58104e-06,-69.5227017
1.58108e-06,-69.2383631
1.58112e-06,-69.4567661
1.58116e-06,-69.2946925
1.5812e-06,-69.1764573
1.58124e-06,-69.1756961
1.58128e-06,-69.7213637
1.58132e-06,-69.3687603
1.58136e-06,-68.7155792
1.5814e-06,-69.39762
1.58144e-06,-69.364042
1.58148e-06,-69.1276979
1.58152e-06,-69.4569609
1.58156e-06,-68.9920809
1.5816e-06,-69.1509006
1.58164e-06,-69.5060626
1.58168e-06,-69.3598578
1.58172e-06,-69.4974714
1.58176e-06,-69.0157733
1.5818e-06,-69.1904764
1.58184e-06,-69.6704548
1.58188e-06,-69.2129747
1.58192e-06,-68.8237248
1.58196e-06,-69.1473117
1.582e-06,-69.059515
1.58204e-06,-69.1792371
1.58208e-06,-69.3011337
1.58212e-06,-69.1787109
1.58216e-06,-69.825134
1.5822e-06,-69.3879291
1.58224e-06,-68.9975604
1.58228e-06,-69.6711854
1.58232e-06,-69.4245359
1.58236e-06,-69.507484
1.5824e-06,-69.0581975
1.58244e-06,-69.5867067
1.58248e-06,-69.0262235
1.58252e-06,-68.8593185
1.58256e-06,-69.3247328
1.5826e-06,-68.9376295
1.58264e-06,-70.071414
1.58268e-06,-70.2677931
1.58272e-06,-69.8281874
1.58276e-06,-69.4204278
1.5828e-06,-69.8099385
1.58284e-06,-69.32941
1.58288e-06,-69.0314114
1.58292e-06,-69.1069553
1.58296e-06,-68.4679608
1.583e-06,-68.6166751
1.58304e-06,-68.9079368
1.58308e-06,-69.7126183
1.58312e-06,-69.2847383
1.58316e-06,-68.864975
1.5832e-06,-69.2528478
1.58324e-06,-69.171517
1.58328e-06,-69.612672
1.58332e-06,-69.8314855
1.58336e-06,-68.9667883
1.5834e-06,-69.9129524
1.58344e-06,-69.6102346
1.58348e-06,-69.0607336
1.58352e-06,-69.3772467
1.58356e-06,-69.7718908
1.5836e-06,-70.2243444
1.58364e-06,-68.9739402
1.58368e-06,-69.9305726
1.58372e-06,-69.7357528
1.58376e-06,-69.2565845
1.5838e-06,-69.7054398
1.58384e-06,-68.3302072
1.58388e-06,-68.7462173
1.58392e-06,-69.3915487
1.58396e-06,-69.1293906
1.584e-06,-69.7001333
1.58404e-06,-69.2982372
1.58408e-06,-69.2556202
1.58412e-06,-69.0949098
1.58416e-06,-70.1688784
1.5842e-06,-69.2326935
1.58424e-06,-69.344013
1.58428e-06,-69.5626705
1.58432e-06,-69.5907287
1.58436e-06,-68.5908128
1.5844e-06,-69.4116623
1.58444e-06,-69.8441862
1.58448e-06,-69.6821956
1.58452e-06,-69.9585544
1.58456e-06,-69.7405233
1.5846e-06,-70.0432556
1.58464e-06,-69.5675689
1.58468e-06,-69.483318
1.58472e-06,-69.4103793
1.58476e-06,-69.441431
1.5848e-06,-69.4317
1.58484e-06,-69.7997626
1.58488e-06,-69.2153503
1.58492e-06,-69.8361
1.58496e-06,-69.5602941
1.585e-06,-69.6066582
1.58504e-06,-69.5078089
1.58508e-06,-69.4363918
1.58512e-06,-69.1144418
1.58516e-06,-68.9770843
1.5852e-06,-69.1795564
1.58524e-06,-69.5915049
1.58528e-06,-68.9970207
1.58532e-06,-69.0258412
1.58536e-06,-69.149105
1.5854e-06,-69.7722506
1.58544e-06,-69.925665
1.58548e-06,-69.082347
1.58552e-06,-69.0911306
1.58556e-06,-69.8562735
1.5856e-06,-69.1508153
1.58564e-06,-70.3633855
1.58568e-06,-69.0167016
1.58572e-06,-69.5352039
1.58576e-06,-69.1320795
1.5858e-06,-69.4546895
1.58584e-06,-69.9212709
1.58588e-06,-69.2623012
1.58592e-06,-69.4438121
1.58596e-06,-69.244414
1.586e-06,-71.4250844
1.58604e-06,-68.9480649
1.58608e-06,-69.6199765
1.58612e-06,-69.1130727
1.58616e-06,-69.6565081
1.5862e-06,-69.4021012
1.58624e-06,-69.1153291
1.58628e-06,-69.7632453
1.58632e-06,-69.8213955
1.58636e-06,-69.4316743
1.5864e-06,-69.2123824
1.58644e-06,-69.105763
1.58648e-06,-69.252831
1.58652e-06,-69.0528346
1.58656e-06,-69.2440126
1.5866e-06,-69.4077803
1.58664e-06,-68.8101726
1.58668e-06,-69.1996107
1.58672e-06,-69.2333352
1.58676e-06,-69.1519667
1.5868e-06,-69.4393087
1.58684e-06,-69.5349997
1.58688e-06,-69.6312313
1.58692e-06,-69.3642748
1.58696e-06,-69.7202521
1.587e-06,-69.8054824
1.58704e-06,-69.1866637
1.58708e-06,-68.906613
1.58712e-06,-69.4217971
1.58716e-06,-69.1842971
1.5872e-06,-69.4144836
1.58724e-06,-69.1394684
1.58728e-06,-69.3170329
1.58732e-06,-70.2506459
1.58736e-06,-69.1708038
1.5874e-06,-69.507697
1.58744e-06,-69.9444002
1.58748e-06,-69.3368635
1.58752e-06,-69.5644046
1.58756e-06,-70.1990517
1.5876e-06,-69.4995477
1.58764e-06,-69.2036609
1.58768e-06,-69.3041086
1.58772e-06,-69.2897158
1.58776e-06,-68.7810201
1.5878e-06,-69.1899301
1.58784e-06,-69.2821072
1.58788e-06,-69.2663768
1.58792e-06,-70.2655943
1.58796e-06,-68.9554068
1.588e-06,-69.0986489
1.58804e-06,-69.5101006
1.58808e-06,-69.4222487
1.58812e-06,-69.8520877
1.58816e-06,-69.8434526
1.5882e-06,-69.7925563
1.58824e-06,-69.5475841
1.58828e-06,-69.4443153
1.58832e-06,-68.7570354
1.58836e-06,-69.8564673
1.5884e-06,-69.8269707
1.58844e-06,-70.1221501
1.58848e-06,-69.541533
1.58852e-06,-69.622275
1.58856e-06,-69.6578218
1.5886e-06,-69.6991815
1.58864e-06,-69.1804684
1.58868e-06,-69.3100837
1.58872e-06,-69.4001473
1.58876e-06,-69.3805316
1.5888e-06,-69.2605439
1.58884e-06,-69.0817359
1.58888e-06,-69.2987172
1.58892e-06,-68.8170829
1.58896e-06,-69.8485473
1.589e-06,-69.6219383
1.58904e-06,-69.5391042
1.58908e-06,-69.5227108
1.58912e-06,-70.060917
1.58916e-06,-69.4437075
1.5892e-06,-69.2109964
1.58924e-06,-68.7710483
1.58928e-06,-69.1476604
1.58932e-06,-69.1518931
1.58936e-06,-68.5179307
1.5894e-06,-69.1670191
1.58944e-06,-69.116182
1.58948e-06,-69.0912785
1.58952e-06,-69.4165469
1.58956e-06,-69.6460667
1.5896e-06,-69.5007972
1.58964e-06,-69.4971546
1.58968e-06,-69.5196012
1.58972e-06,-69.7833383
1.58976e-06,-69.6552323
1.5898e-06,-69.0427872
1.58984e-06,-68.8626301
1.58988e-06,-69.3424611
1.58992e-06,-69.8354227
1.58996e-06,-68.8668697
1.59e-06,-69.6244518
1.59004e-06,-69.6645443
1.59008e-06,-69.9900825
1.59012e-06,-69.9154186
1.59016e-06,-69.2466704
1.5902e-06,-69.250601
1.59024e-06,-69.3293153
1.59028e-06,-69.3770573
1.59032e-06,-69.7925606
1.59036e-06,-69.4383513
1.5904e-06,-69.7814056
1.59044e-06,-70.4144904
1.59048e-06,-70.0765261
1.59052e-06,-68.6319691
1.59056e-06,-69.5754981
1.5906e-06,-69.423354
1.59064e-06,-70.2537746
1.59068e-06,-69.397442
1.59072e-06,-69.1634963
1.59076e-06,-69.1354339
1.5908e-06,-69.4644647
1.59084e-06,-69.6829706
1.59088e-06,-69.9560802
1.59092e-06,-69.11012
1.59096e-06,-69.4045386
1.591e-06,-70.2106459
1.59104e-06,-69.3541738
1.59108e-06,-69.476814
1.59112e-06,-69.3685005
1.59116e-06,-69.7907952
1.5912e-06,-70.15654
1.59124e-06,-68.8719763
1.59128e-06,-69.4191363
1.59132e-06,-69.1938487
1.59136e-06,-69.276785
1.5914e-06,-69.5495587
1.59144e-06,-69.8548369
1.59148e-06,-69.1360886
1.59152e-06,-69.6340197
1.59156e-06,-69.1133131
1.5916e-06,-69.55816
1.59164e-06,-69.9434816
1.59168e-06,-69.3850052
1.59172e-06,-69.7047308
1.59176e-06,-70.1808589
1.5918e-06,-69.8559811
1.59184e-06,-68.7969528
1.59188e-06,-69.1792904
1.59192e-06,-69.0462118
1.59196e-06,-69.1721754
1.592e-06,-69.2660019
1.59204e-06,-68.7688492
1.59208e-06,-69.0328307
1.59212e-06,-69.4042166
1.59216e-06,-69.2956735
1.5922e-06,-70.2808805
1.59224e-06,-69.356511
1.59228e-06,-69.7337117
1.59232e-06,-69.9910279
1.59236e-06,-69.4822073
1.5924e-06,-69.7564433
1.59244e-06,-69.754323
1.59248e-06,-69.8361085
1.59252e-06,-69.8465506
1.59256e-06,-69.655617
1.5926e-06,-68.9780862
1.59264e-06,-69.7110736
1.59268e-06,-68.8230751
1.59272e-06,-69.9236121
1.59276e-06,-68.9597686
1.5928e-06,-69.4932109
1.59284e-06,-69.3365446
1.59288e-06,-69.60996
1.59292e-06,-69.2018517
1.59296e-06,-69.4130399
1.593e-06,-69.519643
1.59304e-06,-69.2413718
1.59308e-06,-69.1085736
1.59312e-06,-70.0553686
1.59316e-06,-69.5540453
1.5932e-06,-69.2605809
1.59324e-06,-69.5132515
1.59328e-06,-69.3239551
1.59332e-06,-69.6127386
1.59336e-06,-70.1724428
1.5934e-06,-69.0619179
1.59344e-06,-69.7028478
1.59348e-06,-69.5864205
1.59352e-06,-69.2670779
1.59356e-06,-69.0427409
1.5936e-06,-69.4020976
1.59364e-06,-69.2036629
1.59368e-06,-69.4526337
1.59372e-06,-69.6293599
1.59376e-06,-70.2490097
1.5938e-06,-69.5316927
1.59384e-06,-69.7897462
1.59388e-06,-68.9933097
1.59392e-06,-69.5333843
1.59396e-06,-69.9041096
1.594e-06,-68.6105634
1.59404e-06,-69.4319166
1.59408e-06,-70.8298851
1.59412e-06,-69.1094553
1.59416e-06,-69.4767813
1.5942e-06,-69.5633046
1.59424e-06,-69.6121911
1.59428e-06,-69.1592909
1.59432e-06,-69.6695795
1.59436e-06,-69.3077688
1.5944e-06,-69.7254987
1.59444e-06,-69.4741521
1.59448e-06,-69.7980079
1.59452e-06,-69.3745773
1.59456e-06,-70.3382207
1.5946e-06,-69.2306115
1.59464e-06,-69.4447526
1.59468e-06,-70.1574257
1.59472e-06,-69.0255874
1.59476e-06,-69.6466415
1.5948e-06,-69.6915668
1.59484e-06,-69.1523752
1.59488e-06,-69.7935379
1.59492e-06,-70.0231823
1.59496e-06,-69.8058919
1.595e-06,-69.1806108
1.59504e-06,-69.4871864
1.59508e-06,-69.8553495
1.59512e-06,-69.5565142
1.59516e-06,-69.8836542
1.5952e-06,-68.8191075
1.59524e-06,-70.0536811
1.59528e-06,-69.4175997
1.59532e-06,-69.615332
1.59536e-06,-69.7280232
1.5954e-06,-69.4531502
1.59544e-06,-69.6661172
1.59548e-06,-68.8614441
1.59552e-06,-69.4440916
1.59556e-06,-69.578421
1.5956e-06,-69.4604798
1.59564e-06,-69.5074862
1.59568e-06,-69.3094967
1.59572e-06,-70.0746928
1.59576e-06,-69.8069588
1.5958e-06,-69.3978816
1.59584e-06,-69.9177732
1.59588e-06,-69.2344829
1.59592e-06,-69.7247678
1.59596e-06,-69.4975572
1.596e-06,-69.6914872
1.59604e-06,-69.370223
1.59608e-06,-69.6731089
1.59612e-06,-69.6345652
1.59616e-06,-70.1431963
1.5962e-06,-69.444753
1.59624e-06,-69.1598479
1.59628e-06,-70.3650317
1.59632e-06,-69.4212588
1.59636e-06,-69.6923288
1.5964e-06,-69.7760608
1.59644e-06,-69.282056
1.59648e-06,-68.9291708
1.59652e-06,-69.2007107
1.59656e-06,-69.7917586
1.5966e-06,-69.8783646
1.59664e-06,-69.6445608
1.59668e-06,-69.5158433
1.59672e-06,-69.2983767
1.59676e-06,-70.1107448
1.5968e-06,-70.308287
1.59684e-06,-69.0175634
1.59688e-06,-69.92662
1.59692e-06,-70.2484641
1.59696e-06,-69.9402465
1.597e-06,-69.6380498
1.59704e-06,-69.8984723
1.59708e-06,-69.0793467
1.59712e-06,-69.8327846
1.59716e-06,-69.4223818
1.5972e-06,-69.6550628
1.59724e-06,-69.6766936
1.59728e-06,-69.8290328
1.59732e-06,-69.4745613
1.59736e-06,-69.8885511
1.5974e-06,-69.6964311
1.59744e-06,-69.6642483
1.59748e-06,-69.7426704
1.59752e-06,-69.8470901
1.59756e-06,-69.4898823
1.5976e-06,-69.6409869
1.59764e-06,-69.8005557
1.59768e-06,-69.867538
1.59772e-06,-70.9038476
1.59776e-06,-69.2989348
1.5978e-06,-69.543918
1.59784e-06,-69.7881394
1.59788e-06,-69.9014432
1.59792e-06,-70.3428035
1.59796e-06,-69.9928313
1.598e-06,-69.7851681
1.59804e-06,-68.9983871
1.59808e-06,-69.5177082
1.59812e-06,-69.4029143
1.59816e-06,-70.1350496
1.5982e-06,-68.9758254
1.59824e-06,-69.9141291
1.59828e-06,-69.438004
1.59832e-06,-69.3738776
1.59836e-06,-69.561597
1.5984e-06,-69.3361041
1.59844e-06,-69.7137637
1.59848e-06,-70.9224521
1.59852e-06,-69.4359542
1.59856e-06,-69.9492643
1.5986e-06,-69.5129031
1.59864e-06,-69.3333385
1.59868e-06,-69.5421372
1.59872e-06,-69.4235231
1.59876e-06,-69.3414192
1.5988e-06,-69.9628868
1.59884e-06,-69.5612208
1.59888e-06,-69.7280966
1.59892e-06,-69.2147177
1.59896e-06,-69.7335884
1.599e-06,-69.4078665
1.59904e-06,-69.9296105
1.59908e-06,-69.2612979
1.59912e-06,-69.01216
1.59916e-06,-69.6507844
1.5992e-06,-69.9256945
1.59924e-06,-69.5277383
1.59928e-06,-70.1964599
1.59932e-06,-69.7806256
1.59936e-06,-69.8028211
1.5994e-06,-69.212485
1.59944e-06,-69.2137112
1.59948e-06,-69.7194744
1.59952e-06,-69.245477
1.59956e-06,-70.0529993
1.5996e-06,-69.0848224
1.59964e-06,-69.6027441
1.59968e-06,-70.0757026
1.59972e-06,-69.8621557
1.59976e-06,-69.1841778
1.5998e-06,-69.6849403
1.59984e-06,-70.3883821
1.59988e-06,-69.392431
1.59992e-06,-70.3090825
1.59996e-06,-69.6121263
1.6e-06,-69.2170172
1.60004e-06,-69.3208594
1.60008e-06,-70.0207588
1.60012e-06,-69.8885242
1.60016e-06,-69.7994359
1.6002e-06,-70.4605601
1.60024e-06,-69.5316403
1.60028e-06,-69.8950279
1.60032e-06,-70.7138635
1.60036e-06,-69.7783159
1.6004e-06,-69.6411836
1.60044e-06,-70.9960785
1.60048e-06,-69.5840204
1.60052e-06,-69.9733145
1.60056e-06,-69.3894259
1.6006e-06,-69.8879975
1.60064e-06,-69.6819015
1.60068e-06,-70.3875142
1.60072e-06,-69.8394155
1.60076e-06,-70.2851436
1.6008e-06,-70.1278383
1.60084e-06,-70.3894086
1.60088e-06,-69.4971372
1.60092e-06,-70.3092086
1.60096e-06,-69.2844177
1.601e-06,-70.240946
1.60104e-06,-69.6324175
1.60108e-06,-69.1924009
1.60112e-06,-69.2754376
1.60116e-06,-69.6631688
1.6012e-06,-69.9790572
1.60124e-06,-69.9431682
1.60128e-06,-69.3884565
1.60132e-06,-69.600581
1.60136e-06,-70.2729246
1.6014e-06,-69.1956478
1.60144e-06,-70.0050932
1.60148e-06,-69.8171336
1.60152e-06,-69.7455472
1.60156e-06,-69.7289073
1.6016e-06,-70.1922838
1.60164e-06,-69.6304618
1.60168e-06,-69.8594083
1.60172e-06,-70.3259375
1.60176e-06,-69.5122921
1.6018e-06,-69.3420858
1.60184e-06,-69.2053636
1.60188e-06,-69.8386166
1.60192e-06,-70.1145768
1.60196e-06,-69.6963618
1.602e-06,-70.1612863
1.60204e-06,-69.8141438
1.60208e-06,-69.3321628
1.60212e-06,-69.3404947
1.60216e-06,-69.8815252
1.6022e-06,-69.8401275
1.60224e-06,-69.5333496
1.60228e-06,-69.5486157
1.60232e-06,-69.6259393
1.60236e-06,-70.7333176
1.6024e-06,-69.7893326
1.60244e-06,-69.2359216
1.60248e-06,-69.6970719
1.60252e-06,-69.4364691
1.60256e-06,-69.3064095
1.6026e-06,-69.1046391
1.60264e-06,-70.0630807
1.60268e-06,-69.6714771
1.60272e-06,-69.4755042
1.60276e-06,-69.6180121
1.6028e-06,-70.0513346
1.60284e-06,-69.2845642
1.60288e-06,-69.5938099
1.60292e-06,-69.6358221
1.60296e-06,-69.1927129
1.603e-06,-69.4423878
1.60304e-06,-69.8230009
1.60308e-06,-69.6072959
1.60312e-06,-69.5009647
1.60316e-06,-69.6593176
1.6032e-06,-69.6521149
1.60324e-06,-69.8688227
1.60328e-06,-69.2311804
1.60332e-06,-70.1505958
1.60336e-06,-70.2507314
1.6034e-06,-69.412797
1.60344e-06,-69.9934755
1.60348e-06,-70.260149
1.60352e-06,-69.6661379
1.60356e-06,-70.4910438
1.6036e-06,-69.5905462
1.60364e-06,-70.3190743
1.60368e-06,-69.8448583
1.60372e-06,-69.6217446
1.60376e-06,-70.4500732
1.6038e-06,-70.0205762
1.60384e-06,-69.9014039
1.60388e-06,-70.0137718
1.60392e-06,-69.7962614
1.60396e-06,-69.6133921
1.604e-06,-69.5026949
1.60404e-06,-69.9864571
1.60408e-06,-69.9138383
1.60412e-06,-69.6950509
1.60416e-06,-69.6992988
1.6042e-06,-69.0774381
1.60424e-06,-69.530158
1.60428e-06,-70.322793
1.60432e-06,-70.2905005
1.60436e-06,-70.4371041
1.6044e-06,-69.5915648
1.60444e-06,-68.9741761
1.60448e-06,-70.0652347
1.60452e-06,-69.5613004
1.60456e-06,-69.8484675
1.6046e-06,-69.9375043
1.60464e-06,-70.0428373
1.60468e-06,-70.2855721
1.60472e-06,-69.2344531
1.60476e-06,-69.5688285
1.6048e-06,-69.9351412
1.60484e-06,-69.4302
1.60488e-06,-69.699756
1.60492e-06,-69.5175783
1.60496e-06,-68.9655945
1.605e-06,-69.682634
1.60504e-06,-69.5893513
1.60508e-06,-69.5559658
1.60512e-06,-69.848823
1.60516e-06,-70.0617625
1.6052e-06,-70.0649198
1.60524e-06,-69.7945049
1.60528e-06,-69.2696158
1.60532e-06,-70.1811593
1.60536e-06,-69.9437341
1.6054e-06,-70.1756193
1.60544e-06,-70.1190223
1.60548e-06,-69.5360926
1.60552e-06,-69.2794106
1.60556e-06,-69.4007103
1.6056e-06,-69.5227964
1.60564e-06,-69.5690865
1.60568e-06,-69.530238
1.60572e-06,-70.187778
1.60576e-06,-70.1068091
1.6058e-06,-69.9448874
1.60584e-06,-69.2614264
1.60588e-06,-69.6142537
1.60592e-06,-69.6743949
1.60596e-06,-69.5402964
1.606e-06,-69.4243223
1.60604e-06,-69.5198152
1.60608e-06,-69.9903264
1.60612e-06,-70.0980391
1.60616e-06,-69.6073529
1.6062e-06,-69.321145
1.60624e-06,-70.3435082
1.60628e-06,-69.7851305
1.60632e-06,-69.4734791
1.60636e-06,-69.7811976
1.6064e-06,-69.7601845
1.60644e-06,-70.3938091
1.60648e-06,-70.1671639
1.60652e-06,-69.5368438
1.60656e-06,-69.8786114
1.6066e-06,-69.9775556
1.60664e-06,-70.0900018
1.60668e-06,-69.1136527
1.60672e-06,-70.3309287
1.60676e-06,-70.0684371
1.6068e-06,-70.1775386
1.60684e-06,-69.5564057
1.60688e-06,-69.2942332
1.60692e-06,-69.5734071
1.60696e-06,-70.1970849
1.607e-06,-69.8304404
1.60704e-06,-70.3201035
1.60708e-06,-69.7168832
1.60712e-06,-69.8379849
1.60716e-06,-70.9121735
1.6072e-06,-69.0392683
1.60724e-06,-69.4958484
1.60728e-06,-69.858158
1.60732e-06,-70.1102277
1.60736e-06,-69.5552981
1.6074e-06,-70.2131723
1.60744e-06,-69.3844871
1.60748e-06,-70.3312266
1.60752e-06,-70.1533064
1.60756e-06,-69.5932548
1.6076e-06,-70.1298434
1.60764e-06,-70.0910376
1.60768e-06,-69.6630179
1.60772e-06,-69.5523942
1.60776e-06,-69.6324397
1.6078e-06,-69.2210061
1.60784e-06,-69.8244841
1.60788e-06,-70.1591607
1.60792e-06,-70.0728202
1.60796e-06,-70.5617546
1.608e-06,-69.3459667
1.60804e-06,-69.4191066
1.60808e-06,-69.9782508
1.60812e-06,-70.0926182
1.60816e-06,-70.1458839
1.6082e-06,-70.080989
1.60824e-06,-69.7687228
1.60828e-06,-70.001723
1.60832e-06,-70.3199543
1.60836e-06,-70.2879156
1.6084e-06,-69.4999686
1.60844e-06,-68.9741483
1.60848e-06,-69.9911877
1.60852e-06,-69.4564912
1.60856e-06,-70.0881815
1.6086e-06,-69.5983641
1.60864e-06,-69.3171386
1.60868e-06,-69.5000821
1.60872e-06,-70.0988143
1.60876e-06,-69.5146048
1.6088e-06,-69.9405592
1.60884e-06,-69.9770109
1.60888e-06,-70.1575614
1.60892e-06,-69.4570032
1.60896e-06,-69.2119262
1.609e-06,-69.8371377
1.60904e-06,-69.7613124
1.60908e-06,-69.6385182
1.60912e-06,-70.2642815
1.60916e-06,-70.2955065
1.6092e-06,-70.0001192
1.60924e-06,-69.8062739
1.60928e-06,-70.4034408
1.60932e-06,-70.6756639
1.60936e-06,-70.4659837
1.6094e-06,-70.4358432
1.60944e-06,-69.7770095
1.60948e-06,-69.4297846
1.60952e-06,-70.4968028
1.60956e-06,-69.9343552
1.6096e-06,-69.4641587
1.60964e-06,-70.2882085
1.60968e-06,-70.0508105
1.60972e-06,-70.3471118
1.60976e-06,-69.1360413
1.6098e-06,-69.468986
1.60984e-06,-69.9567579
1.60988e-06,-69.8954012
1.60992e-06,-70.4579831
1.60996e-06,-69.4505073
1.61e-06,-70.65504
1.61004e-06,-70.5837793
1.61008e-06,-69.6071205
1.61012e-06,-70.286429
1.61016e-06,-70.4936039
1.6102e-06,-69.8487209
1.61024e-06,-69.7955572
1.61028e-06,-70.1480038
1.61032e-06,-69.5115305
1.61036e-06,-69.7822701
1.6104e-06,-70.0038362
1.61044e-06,-69.2737484
1.61048e-06,-70.3876718
1.61052e-06,-69.2503668
1.61056e-06,-70.3921415
1.6106e-06,-69.5604493
1.61064e-06,-70.1269709
1.61068e-06,-69.800175
1.61072e-06,-70.2428799
1.61076e-06,-69.2558954
1.6108e-06,-70.0111137
1.61084e-06,-70.1967111
1.61088e-06,-69.7834096
1.61092e-06,-69.9966863
1.61096e-06,-70.5084349
1.611e-06,-70.0788112
1.61104e-06,-69.6667942
1.61108e-06,-71.1933967
1.61112e-06,-70.1558432
1.61116e-06,-69.733335
1.6112e-06,-70.3970305
1.61124e-06,-69.4087645
1.61128e-06,-69.8004855
1.61132e-06,-70.4446247
1.61136e-06,-69.7347917
1.6114e-06,-70.1321947
1.61144e-06,-70.3577919
1.61148e-06,-70.1762302
1.61152e-06,-70.3684121
1.61156e-06,-69.8845151
1.6116e-06,-69.9
1.61164e-06,-70.0903146
1.61168e-06,-70.1416808
1.61172e-06,-69.7777096
1.61176e-06,-69.8172519
1.6118e-06,-69.8833821
1.61184e-06,-70.6967128
1.61188e-06,-69.8865258
1.61192e-06,-69.99035
1.61196e-06,-69.9815017
1.612e-06,-70.0113828
1.61204e-06,-69.9501218
1.61208e-06,-69.7760761
1.61212e-06,-69.8588627
1.61216e-06,-70.1664168
1.6122e-06,-70.3203935
1.61224e-06,-69.8550357
1.61228e-06,-70.5763132
1.61232e-06,-69.3318882
1.61236e-06,-70.8959402
1.6124e-06,-69.9993036
1.61244e-06,-70.3848694
1.61248e-06,-69.639637
1.61252e-06,-69.7448709
1.61256e-06,-70.0341494
1.6126e-06,-69.6436051
1.61264e-06,-69.9021579
1.61268e-06,-70.2637513
1.61272e-06,-69.3791616
1.61276e-06,-70.319504
1.6128e-06,-69.881985
1.61284e-06,-69.8365277
1.61288e-06,-69.9432435
1.61292e-06,-70.3447886
1.61296e-06,-69.2627536
1.613e-06,-70.666741
1.61304e-06,-69.1899634
1.61308e-06,-70.0713068
1.61312e-06,-69.2019941
1.61316e-06,-69.2631492
1.6132e-06,-69.3640346
1.61324e-06,-70.8727964
1.61328e-06,-69.4995756
1.61332e-06,-69.6630934
1.61336e-06,-69.9118698
1.6134e-06,-69.9952483
1.61344e-06,-70.1713813
1.61348e-06,-69.0670247
1.61352e-06,-69.7348631
1.61356e-06,-70.0223844
1.6136e-06,-69.764038
1.61364e-06,-70.1654091
1.61368e-06,-70.3072288
1.61372e-06,-69.5147936
1.61376e-06,-69.8406458
1.6138e-06,-69.9229405
1.61384e-06,-69.9846208
1.61388e-06,-69.8628214
1.61392e-06,-70.1178338
1.61396e-06,-69.8918821
1.614e-06,-69.1761114
1.61404e-06,-69.4763208
1.61408e-06,-69.424715
1.61412e-06,-69.3351328
1.61416e-06,-69.7739849
1.6142e-06,-69.5108604
1.61424e-06,-69.8171375
1.61428e-06,-69.619508
1.61432e-06,-70.0150522
1.61436e-06,-70.3531604
1.6144e-06,-70.1416317
1.61444e-06,-70.215516
1.61448e-06,-70.033717
1.61452e-06,-69.4105161
1.61456e-06,-69.924953
1.6146e-06,-69.5349993
1.61464e-06,-70.3880437
1.61468e-06,-69.3193325
1.61472e-06,-69.9065744
1.61476e-06,-70.4044288
1.6148e-06,-69.9034577
1.61484e-06,-70.3768097
1.61488e-06,-69.7555012
1.61492e-06,-69.7137788
1.61496e-06,-70.503446
1.615e-06,-69.5958912
1.61504e-06,-69.6660643
1.61508e-06,-70.3197107
1.61512e-06,-69.665388
1.61516e-06,-69.9464348
1.6152e-06,-69.9217568
1.61524e-06,-70.7406927
1.61528e-06,-70.3106419
1.61532e-06,-70.740391
1.61536e-06,-70.3881766
1.6154e-06,-69.8230409
1.61544e-06,-69.7473101
1.61548e-06,-69.6450132
1.61552e-06,-70.5611276
1.61556e-06,-69.9664983
1.6156e-06,-70.6817681
1.61564e-06,-69.987541
1.61568e-06,-70.1418314
1.61572e-06,-69.4390064
1.61576e-06,-70.3577347
1.6158e-06,-70.1770969
1.61584e-06,-70.5880035
1.61588e-06,-69.6381569
1.61592e-06,-69.5964124
1.61596e-06,-69.7690798
1.616e-06,-70.1013728
1.61604e-06,-69.3681609
1.61608e-06,-69.7523573
1.61612e-06,-70.2890849
1.61616e-06,-69.8835844
1.6162e-06,-69.7882848
1.61624e-06,-69.587629
1.61628e-06,-70.2345304
1.61632e-06,-69.5812927
1.61636e-06,-69.893953
1.6164e-06,-69.2154737
1.61644e-06,-69.7243741
1.61648e-06,-69.8910412
1.61652e-06,-70.661157
1.61656e-06,-69.7682268
1.6166e-06,-69.7374564
1.61664e-06,-70.2991563
1.61668e-06,-70.5376101
1.61672e-06,-69.7964091
1.61676e-06,-70.1893092
1.6168e-06,-70.2596437
1.61684e-06,-69.8188097
1.61688e-06,-70.1906649
1.61692e-06,-70.0570783
1.61696e-06,-70.2651293
1.617e-06,-71.0726516
1.61704e-06,-70.2564482
1.61708e-06,-70.294157
1.61712e-06,-70.7731209
1.61716e-06,-70.1712995
1.6172e-06,-69.3549777
1.61724e-06,-69.9891758
1.61728e-06,-70.5093378
1.61732e-06,-69.7470415
1.61736e-06,-69.8839322
1.6174e-06,-70.9864408
1.61744e-06,-70.1990872
1.61748e-06,-70.0616158
1.61752e-06,-69.5273434
1.61756e-06,-70.4141514
1.6176e-06,-70.0498233
1.61764e-06,-69.7327661
1.61768e-06,-70.1175407
1.61772e-06,-70.0670585
1.61776e-06,-70.2114545
1.6178e-06,-69.7930647
1.61784e-06,-70.0009978
1.61788e-06,-70.0132207
1.61792e-06,-70.7174797
1.61796e-06,-69.5242955
1.618e-06,-69.9293075
1.61804e-06,-70.5989673
1.61808e-06,-70.2441095
1.61812e-06,-69.9320866
1.61816e-06,-69.7217332
1.6182e-06,-69.6295126
1.61824e-06,-69.8857835
1.61828e-06,-70.108252
1.61832e-06,-69.6307515
1.61836e-06,-70.0805345
1.6184e-06,-70.0903099
1.61844e-06,-70.5095097
1.61848e-06,-69.670707
1.61852e-06,-69.6829953
1.61856e-06,-70.1572759
1.6186e-06,-70.2826683
1.61864e-06,-70.1550368
1.61868e-06,-69.8853946
1.61872e-06,-69.409156
1.61876e-06,-70.4524726
1.6188e-06,-70.0171106
1.61884e-06,-69.7042293
1.61888e-06,-69.9756803
1.61892e-06,-70.0573523
1.61896e-06,-70.1170929
1.619e-06,-70.4451281
1.61904e-06,-70.2356374
1.61908e-06,-70.8395288
1.61912e-06,-69.3809929
1.61916e-06,-70.2347592
1.6192e-06,-69.7568247
1.61924e-06,-69.9468975
1.61928e-06,-69.6013906
1.61932e-06,-70.1526156
1.61936e-06,-69.9896555
1.6194e-06,-70.2637889
1.61944e-06,-69.971157
1.61948e-06,-70.127956
1.61952e-06,-69.8022135
1.61956e-06,-70.6998121
1.6196e-06,-70.5510178
1.61964e-06,-70.2274961
1.61968e-06,-69.9007822
1.61972e-06,-70.085937
1.61976e-06,-71.1377911
1.6198e-06,-69.688789
1.61984e-06,-69.6507039
1.61988e-06,-70.086345
1.61992e-06,-69.7960359
1.61996e-06,-70.2944762
1.62e-06,-70.0990992
1.62004e-06,-69.8372204
1.62008e-06,-70.3461174
1.62012e-06,-69.8941788
1.62016e-06,-70.1837735
1.6202e-06,-70.4637755
1.62024e-06,-70.0248275
1.62028e-06,-70.1525977
1.62032e-06,-69.0827006
1.62036e-06,-71.0429132
1.6204e-06,-69.2505094
1.62044e-06,-70.0085553
1.62048e-06,-69.5785978
1.62052e-06,-70.2081831
1.62056e-06,-69.8738905
1.6206e-06,-69.8492985
1.62064e-06,-69.3474708
1.62068e-06,-70.0959743
1.62072e-06,-69.9395978
1.62076e-06,-71.1117896
1.6208e-06,-70.7463719
1.62084e-06,-70.0319681
1.62088e-06,-69.9405215
1.62092e-06,-70.2024165
1.62096e-06,-69.836821
1.621e-06,-69.5528779
1.62104e-06,-70.4227613
1.62108e-06,-69.2550918
1.62112e-06,-70.7977207
1.62116e-06,-69.5691875
1.6212e-06,-70.7939086
1.62124e-06,-69.5042974
1.62128e-06,-70.1854691
1.62132e-06,-69.2903772
1.62136e-06,-70.9986099
1.6214e-06,-70.1693668
1.62144e-06,-70.0819748
1.62148e-06,-69.8048876
1.62152e-06,-70.002045
1.62156e-06,-70.7480757
1.6216e-06,-70.3971561
1.62164e-06,-70.682312
1.62168e-06,-69.8707064
1.62172e-06,-69.9907946
1.62176e-06,-69.8952343
1.6218e-06,-70.1824479
1.62184e-06,-69.8745942
1.62188e-06,-70.2045531
1.62192e-06,-70.4799562
1.62196e-06,-69.8164754
1.622e-06,-70.7550883
1.62204e-06,-69.4867142
1.62208e-06,-70.9171066
1.62212e-06,-69.6312219
1.62216e-06,-70.1709075
1.6222e-06,-69.7200068
1.62224e-06,-69.6086462
1.62228e-06,-70.6286263
1.62232e-06,-70.5752123
1.62236e-06,-70.4520474
1.6224e-06,-69.6171739
1.62244e-06,-69.9563358
1.62248e-06,-69.5984284
1.62252e-06,-69.7833767
1.62256e-06,-70.4919712
1.6226e-06,-70.1790376
1.62264e-06,-70.277992
1.62268e-06,-69.8715621
1.62272e-06,-69.4666906
1.62276e-06,-70.5550002
1.6228e-06,-70.1500771
1.62284e-06,-69.9219811
1.62288e-06,-70.6862881
1.62292e-06,-70.382424
1.62296e-06,-69.8311947
1.623e-06,-70.4271759
1.62304e-06,-70.2385813
1.62308e-06,-70.6388253
1.62312e-06,-69.6929312
1.62316e-06,-71.176282
1.6232e-06,-70.7906839
1.62324e-06,-69.9160638
1.62328e-06,-70.7625002
1.62332e-06,-70.233279
1.62336e-06,-69.8469312
1.6234e-06,-69.1689672
1.62344e-06,-69.5758699
1.62348e-06,-70.3498973
1.62352e-06,-69.4983339
1.62356e-06,-69.8668551
1.6236e-06,-70.6787
1.62364e-06,-70.4135684
1.62368e-06,-69.9007535
1.62372e-06,-69.6872708
1.62376e-06,-69.9133897
1.6238e-06,-71.2813132
1.62384e-06,-70.2533973
1.62388e-06,-69.2899352
1.62392e-06,-70.5131449
1.62396e-06,-69.9786561
1.624e-06,-70.351222
1.62404e-06,-69.5314715
1.62408e-06,-69.9315168
1.62412e-06,-69.9316451
1.62416e-06,-69.8223438
1.6242e-06,-70.5841632
1.62424e-06,-70.0477559
1.62428e-06,-70.1645807
1.62432e-06,-69.5341239
1.62436e-06,-70.5270651
1.6244e-06,-70.5655678
1.62444e-06,-70.0188607
1.62448e-06,-69.6320388
1.62452e-06,-70.4187406
1.62456e-06,-70.4899687
1.6246e-06,-70.4571843
1.62464e-06,-70.2492019
1.62468e-06,-70.0942344
1.62472e-06,-70.7609192
1.62476e-06,-69.4933944
1.6248e-06,-70.2704098
1.62484e-06,-69.5601637
1.62488e-06,-70.4230298
1.62492e-06,-70.0661085
1.62496e-06,-70.0857577
1.625e-06,-70.8110339
1.62504e-06,-70.4003278
1.62508e-06,-70.3222814
1.62512e-06,-70.168164
1.62516e-06,-70.2686402
1.6252e-06,-69.9891522
1.62524e-06,-70.1444068
1.62528e-06,-70.3733702
1.62532e-06,-70.0469509
1.62536e-06,-69.773748
1.6254e-06,-70.0678279
1.62544e-06,-70.1092478
1.62548e-06,-69.8947921
1.62552e-06,-69.4584352
1.62556e-06,-70.4311809
1.6256e-06,-69.8460411
1.62564e-06,-69.500246
1.62568e-06,-70.2246705
1.62572e-06,-70.11297
1.62576e-06,-69.7263471
1.6258e-06,-70.2298333
1.62584e-06,-69.4657544
1.62588e-06,-69.1990697
1.62592e-06,-70.01204
1.62596e-06,-69.6603221
1.626e-06,-69.6249783
1.62604e-06,-70.9195615
1.62608e-06,-70.2304501
1.62612e-06,-70.3590965
1.62616e-06,-69.8785168
1.6262e-06,-69.8015394
1.62624e-06,-70.5274054
1.62628e-06,-70.3185016
1.62632e-06,-70.6766541
1.62636e-06,-70.189833
1.6264e-06,-70.6573335
1.62644e-06,-69.7710317
1.62648e-06,-69.7126437
1.62652e-06,-69.5631599
1.62656e-06,-70.2839477
1.6266e-06,-69.8461892
1.62664e-06,-70.4586613
1.62668e-06,-69.5552413
1.62672e-06,-70.2952112
1.62676e-06,-69.1443027
1.6268e-06,-69.7736199
1.62684e-06,-69.7342216
1.62688e-06,-69.1459905
1.62692e-06,-69.6638165
1.62696e-06,-71.0864651
1.627e-06,-69.8312288
1.62704e-06,-69.7788657
1.62708e-06,-69.5323227
1.62712e-06,-69.6600439
1.62716e-06,-69.7240244
1.6272e-06,-69.6271115
1.62724e-06,-69.3925006
1.62728e-06,-69.7829234
1.62732e-06,-69.5442235
1.62736e-06,-70.4055387
1.6274e-06,-70.6019522
1.62744e-06,-69.6622668
1.62748e-06,-70.6921417
1.62752e-06,-70.5127307
1.62756e-06,-70.2061943
1.6276e-06,-69.812167
1.62764e-06,-69.9555957
1.62768e-06,-70.3199863
1.62772e-06,-70.264567
1.62776e-06,-69.5605554
1.6278e-06,-69.5746578
1.62784e-06,-69.8604253
1.62788e-06,-70.0313955
1.62792e-06,-69.5006376
1.62796e-06,-69.9448563
1.628e-06,-69.9950982
1.62804e-06,-70.2456541
1.62808e-06,-70.277438
1.62812e-06,-69.6945858
1.62816e-06,-70.6667155
1.6282e-06,-69.6382264
1.62824e-06,-70.4021731
1.62828e-06,-69.8940299
1.62832e-06,-69.3832847
1.62836e-06,-70.255673
1.6284e-06,-69.914408
1.62844e-06,-70.1936096
1.62848e-06,-69.7825149
1.62852e-06,-70.197955
1.62856e-06,-70.4661193
1.6286e-06,-70.699443
1.62864e-06,-70.0039742
1.62868e-06,-70.1604085
1.62872e-06,-69.9022559
1.62876e-06,-69.2005785
1.6288e-06,-70.1563102
1.62884e-06,-69.9915133
1.62888e-06,-69.4968748
1.62892e-06,-69.9836419
1.62896e-06,-70.2598328
1.629e-06,-70.0754883
1.62904e-06,-70.0842276
1.62908e-06,-70.074932
1.62912e-06,-69.7896093
1.62916e-06,-70.5809722
1.6292e-06,-69.4703304
1.62924e-06,-70.0857794
1.62928e-06,-70.4733682
1.62932e-06,-69.3536696
1.62936e-06,-70.121456
1.6294e-06,-70.3141102
1.62944e-06,-69.7186696
1.62948e-06,-69.7178637
1.62952e-06,-70.2389134
1.62956e-06,-69.8715126
1.6296e-06,-69.4152025
1.62964e-06,-70.7428512
1.62968e-06,-70.7485419
1.62972e-06,-69.5350415
1.62976e-06,-70.4547757
1.6298e-06,-69.391902
1.62984e-06,-70.1950859
1.62988e-06,-70.1455648
1.62992e-06,-70.0530196
1.62996e-06,-70.5482958
1.63e-06,-69.7298121
