70CSV  	
// AQ6370 OPTICAL SPECTRUM ANALYZER //                  
25
"CTRWL",1549.646000
"SPAN",  10.000000
"START WL",1544.646000
"STOP WL",1554.646000
"WLFREQ", 0
"REFL", -9.8
"LSCL",10.0
"RESLN",0.020
"AVG",   1
"SMPLAUTO",      1
"SMPL",       2501
"SMPLINTVL",0.0040
"MID"
"MEAS"
"LSUNT",0
"NMSKH","OFF"
"RESCOR",0
"RESPARM",12915
"FREQPARM",12915






"[TRACE DATA]"
1544.6460, -78.286
1544.6500,-210.000
1544.6540, -73.192
1544.6580,-210.000
1544.6620, -83.487
1544.6660,-210.000
1544.6700,-210.000
1544.6740, -76.412
1544.6780,-210.000
1544.6820, -74.791
1544.6860, -73.934
1544.6900, -77.594
1544.6940, -95.940
1544.6980, -80.991
1544.7020, -80.493
1544.7060, -77.141
1544.7100,-210.000
1544.7140, -73.180
1544.7180,-210.000
1544.7220, -75.948
1544.7260, -77.107
1544.7300, -79.221
1544.7340, -72.367
1544.7380,-210.000
1544.7420, -78.470
1544.7460, -87.116
1544.7500, -75.386
1544.7540,-210.000
1544.7580,-210.000
1544.7620, -76.530
1544.7660, -73.771
1544.7700, -79.242
1544.7740, -76.064
1544.7780, -79.092
1544.7820, -72.390
1544.7860, -78.172
1544.7900, -75.615
1544.7940, -86.894
1544.7980, -80.515
1544.8020, -79.048
1544.8060, -78.335
1544.8100, -85.852
1544.8140,-210.000
1544.8180, -85.092
1544.8220, -79.113
1544.8260,-210.000
1544.8300, -76.337
1544.8340, -81.939
1544.8380, -77.042
1544.8420, -84.015
1544.8460, -72.787
1544.8500, -79.156
1544.8540, -75.946
1544.8580,-210.000
1544.8620, -76.936
1544.8660, -75.845
1544.8700, -81.834
1544.8740, -79.617
1544.8780, -80.661
1544.8820,-210.000
1544.8860, -73.410
1544.8900, -79.987
1544.8940, -78.049
1544.8980, -84.270
1544.9020, -80.454
1544.9060, -72.170
1544.9100,-210.000
1544.9140, -91.774
1544.9180, -79.603
1544.9220,-210.000
1544.9260,-210.000
1544.9300, -79.131
1544.9340, -78.250
1544.9380, -75.946
1544.9420, -82.802
1544.9460, -75.737
1544.9500, -78.624
1544.9540, -75.151
1544.9580,-210.000
1544.9620, -80.853
1544.9660, -75.961
1544.9700, -75.785
1544.9740, -90.787
1544.9780, -73.917
1544.9820, -77.610
1544.9860, -80.807
1544.9900, -79.292
1544.9940,-210.000
1544.9980, -96.507
1545.0020, -76.882
1545.0060, -77.427
1545.0100, -77.424
1545.0140, -78.124
1545.0180, -76.558
1545.0220, -90.671
1545.0260, -74.185
1545.0300, -75.055
1545.0340, -84.818
1545.0380, -89.088
1545.0420, -80.713
1545.0460, -78.421
1545.0500, -76.229
1545.0540, -76.233
1545.0580,-210.000
1545.0620,-210.000
1545.0660, -75.030
1545.0700, -80.960
1545.0740, -80.572
1545.0780,-210.000
1545.0820, -80.211
1545.0860, -76.659
1545.0900, -74.110
1545.0940, -92.957
1545.0980, -82.062
1545.1020, -78.294
1545.1060, -77.086
1545.1100, -77.561
1545.1140,-210.000
1545.1180, -79.057
1545.1220, -77.920
1545.1260, -83.094
1545.1300, -77.434
1545.1340, -82.393
1545.1380, -73.549
1545.1420, -80.153
1545.1460, -77.046
1545.1500, -78.979
1545.1540,-210.000
1545.1580, -78.774
1545.1620, -79.072
1545.1660,-101.862
1545.1700, -75.194
1545.1740, -79.218
1545.1780, -72.247
1545.1820, -93.055
1545.1860, -78.143
1545.1900,-210.000
1545.1940, -74.867
1545.1980,-210.000
1545.2020, -80.766
1545.2060, -76.558
1545.2100, -75.485
1545.2140,-210.000
1545.2180, -78.717
1545.2220, -75.878
1545.2260, -78.685
1545.2300, -75.868
1545.2340, -80.189
1545.2380,-210.000
1545.2420, -76.982
1545.2460, -75.994
1545.2500,-210.000
1545.2540, -75.274
1545.2580, -79.939
1545.2620, -74.915
1545.2660,-210.000
1545.2700, -78.238
1545.2740,-100.041
1545.2780, -71.137
1545.2820,-210.000
1545.2860, -72.861
1545.2900, -92.003
1545.2940, -73.696
1545.2980, -80.734
1545.3020, -79.052
1545.3060, -76.370
1545.3100, -82.225
1545.3140, -77.915
1545.3180,-210.000
1545.3220, -79.858
1545.3260, -77.286
1545.3300, -78.432
1545.3340,-210.000
1545.3380, -74.679
1545.3420, -79.749
1545.3460,-210.000
1545.3500, -71.490
1545.3540, -78.291
1545.3580, -74.917
1545.3620,-210.000
1545.3660, -77.136
1545.3700, -77.186
1545.3740, -76.954
1545.3780, -83.592
1545.3820, -77.901
1545.3860, -92.767
1545.3900, -75.325
1545.3940, -76.582
1545.3980, -75.378
1545.4020,-210.000
1545.4060, -76.937
1545.4100, -95.529
1545.4140, -84.707
1545.4180, -84.729
1545.4220, -76.024
1545.4260, -81.135
1545.4300, -77.431
1545.4340, -83.268
1545.4380,-210.000
1545.4420, -76.722
1545.4460, -89.682
1545.4500, -76.000
1545.4540, -84.489
1545.4580, -74.530
1545.4620, -81.154
1545.4660, -74.150
1545.4700,-210.000
1545.4740, -80.129
1545.4780,-210.000
1545.4820, -77.529
1545.4860, -76.377
1545.4900, -79.574
1545.4940, -79.513
1545.4980, -77.045
1545.5020, -81.154
1545.5060, -73.852
1545.5100, -78.643
1545.5140, -81.580
1545.5180, -77.783
1545.5220, -77.621
1545.5260, -79.936
1545.5300, -79.182
1545.5340, -73.612
1545.5380,-210.000
1545.5420, -78.735
1545.5460,-210.000
1545.5500, -77.085
1545.5540,-210.000
1545.5580, -76.180
1545.5620,-210.000
1545.5660, -75.527
1545.5700, -74.465
1545.5740,-210.000
1545.5780, -73.435
1545.5820,-210.000
1545.5860, -84.719
1545.5900, -78.318
1545.5940, -76.437
1545.5980, -86.635
1545.6020, -80.807
1545.6060, -75.351
1545.6100, -76.584
1545.6140, -74.658
1545.6180,-210.000
1545.6220, -78.726
1545.6260, -79.670
1545.6300, -78.280
1545.6340, -86.557
1545.6380, -85.424
1545.6420, -73.501
1545.6460, -77.374
1545.6500, -84.929
1545.6540, -77.129
1545.6580, -77.757
1545.6620,-210.000
1545.6660, -78.247
1545.6700, -77.284
1545.6740, -80.417
1545.6780, -75.676
1545.6820, -83.981
1545.6860, -75.377
1545.6900, -80.713
1545.6940,-210.000
1545.6980, -74.352
1545.7020,-210.000
1545.7060, -74.614
1545.7100, -83.695
1545.7140, -73.940
1545.7180, -75.371
1545.7220, -80.547
1545.7260, -76.056
1545.7300, -76.033
1545.7340,-210.000
1545.7380, -78.638
1545.7420, -75.689
1545.7460, -74.346
1545.7500, -76.742
1545.7540, -78.424
1545.7580,-210.000
1545.7620, -82.604
1545.7660, -75.976
1545.7700, -92.005
1545.7740, -76.936
1545.7780, -84.584
1545.7820,-210.000
1545.7860, -77.556
1545.7900, -74.657
1545.7940, -76.412
1545.7980,-210.000
1545.8020,-210.000
1545.8060,-210.000
1545.8100, -78.418
1545.8140, -73.261
1545.8180, -82.244
1545.8220,-210.000
1545.8260, -73.655
1545.8300,-210.000
1545.8340, -77.270
1545.8380, -77.575
1545.8420, -78.276
1545.8460, -76.201
1545.8500,-210.000
1545.8540, -74.404
1545.8580, -78.915
1545.8620, -76.767
1545.8660, -77.284
1545.8700, -78.609
1545.8740, -76.239
1545.8780, -77.614
1545.8820, -78.213
1545.8860, -78.100
1545.8900, -75.275
1545.8940,-210.000
1545.8980, -76.470
1545.9020, -74.465
1545.9060, -80.527
1545.9100, -78.069
1545.9140,-210.000
1545.9180, -72.977
1545.9220, -77.522
1545.9260, -78.796
1545.9300,-210.000
1545.9340, -78.826
1545.9380, -76.699
1545.9420, -75.677
1545.9460, -73.380
1545.9500, -80.050
1545.9540, -76.319
1545.9580, -74.865
1545.9620,-210.000
1545.9660, -79.988
1545.9700, -75.628
1545.9740,-210.000
1545.9780, -78.477
1545.9820,-210.000
1545.9860, -84.327
1545.9900, -74.686
1545.9940,-210.000
1545.9980, -74.266
1546.0020,-210.000
1546.0060, -78.677
1546.0100, -78.415
1546.0140, -76.687
1546.0180, -74.657
1546.0220, -76.669
1546.0260, -76.120
1546.0300, -74.531
1546.0340, -80.308
1546.0380, -72.888
1546.0420, -84.615
1546.0460,-210.000
1546.0500, -75.206
1546.0540,-210.000
1546.0580, -76.412
1546.0620,-210.000
1546.0660, -90.239
1546.0700, -77.220
1546.0740, -72.069
1546.0780, -78.120
1546.0820, -76.368
1546.0860, -79.309
1546.0900, -79.367
1546.0940, -77.705
1546.0980, -80.854
1546.1020,-210.000
1546.1060, -73.379
1546.1100, -77.336
1546.1140, -75.863
1546.1180, -79.056
1546.1220, -76.158
1546.1260, -81.243
1546.1300, -76.971
1546.1340, -75.648
1546.1380, -76.923
1546.1420,-210.000
1546.1460, -73.674
1546.1500, -86.369
1546.1540, -75.263
1546.1580, -79.190
1546.1620,-210.000
1546.1660, -76.238
1546.1700, -80.233
1546.1740, -81.303
1546.1780, -73.686
1546.1820, -76.220
1546.1860,-210.000
1546.1900, -76.118
1546.1940, -79.398
1546.1980, -76.903
1546.2020, -85.992
1546.2060,-210.000
1546.2100, -80.618
1546.2140,-210.000
1546.2180, -78.793
1546.2220, -77.698
1546.2260, -78.351
1546.2300, -80.101
1546.2340, -80.242
1546.2380, -75.125
1546.2420, -77.353
1546.2460,-210.000
1546.2500, -76.958
1546.2540,-210.000
1546.2580, -77.306
1546.2620, -74.104
1546.2660, -78.622
1546.2700, -96.976
1546.2740, -79.288
1546.2780, -82.543
1546.2820,-210.000
1546.2860, -80.216
1546.2900,-210.000
1546.2940, -75.850
1546.2980, -80.345
1546.3020, -77.569
1546.3060, -83.207
1546.3100,-210.000
1546.3140, -76.588
1546.3180, -79.158
1546.3220,-210.000
1546.3260, -78.968
1546.3300, -79.376
1546.3340, -79.122
1546.3380, -79.945
1546.3420, -74.838
1546.3460, -86.829
1546.3500,-210.000
1546.3540, -73.468
1546.3580,-210.000
1546.3620, -73.663
1546.3660, -78.989
1546.3700, -74.600
1546.3740, -78.948
1546.3780, -81.713
1546.3820, -83.875
1546.3860,-210.000
1546.3900, -81.730
1546.3940, -74.542
1546.3980, -80.822
1546.4020, -92.175
1546.4060, -75.675
1546.4100, -77.394
1546.4140, -77.671
1546.4180, -77.420
1546.4220, -78.972
1546.4260, -78.742
1546.4300,-210.000
1546.4340, -73.029
1546.4380, -75.853
1546.4420, -87.895
1546.4460, -89.596
1546.4500, -73.880
1546.4540, -76.030
1546.4580, -75.989
1546.4620,-210.000
1546.4660, -87.952
1546.4700, -76.987
1546.4740, -81.495
1546.4780, -77.274
1546.4820, -77.767
1546.4860,-210.000
1546.4900, -76.722
1546.4940, -72.452
1546.4980, -76.533
1546.5020,-210.000
1546.5060,-210.000
1546.5100, -77.539
1546.5140, -76.734
1546.5180,-210.000
1546.5220, -76.243
1546.5260, -78.581
1546.5300, -78.067
1546.5340, -78.183
1546.5380, -72.715
1546.5420, -80.609
1546.5460, -88.896
1546.5500, -79.912
1546.5540, -74.542
1546.5580,-210.000
1546.5620, -79.236
1546.5660,-210.000
1546.5700, -75.262
1546.5740, -75.950
1546.5780, -88.443
1546.5820, -74.155
1546.5860, -77.016
1546.5900, -88.146
1546.5940, -89.296
1546.5980, -78.132
1546.6020, -73.313
1546.6060, -78.164
1546.6100,-210.000
1546.6140, -77.139
1546.6180, -80.937
1546.6220, -73.881
1546.6260, -82.441
1546.6300, -79.840
1546.6340, -78.831
1546.6380, -80.799
1546.6420, -76.412
1546.6460, -83.437
1546.6500, -77.123
1546.6540, -74.105
1546.6580, -73.803
1546.6620,-210.000
1546.6660, -94.264
1546.6700, -76.733
1546.6740, -77.013
1546.6780, -83.879
1546.6820, -77.652
1546.6860, -76.508
1546.6900, -76.723
1546.6940, -73.973
1546.6980, -74.853
1546.7020, -80.078
1546.7060, -75.365
1546.7100, -81.398
1546.7140, -78.377
1546.7180,-210.000
1546.7220, -76.612
1546.7260, -79.486
1546.7300, -73.241
1546.7340, -80.469
1546.7380, -74.435
1546.7420, -73.932
1546.7460, -76.145
1546.7500,-210.000
1546.7540, -77.716
1546.7580, -78.775
1546.7620, -80.999
1546.7660,-210.000
1546.7700, -74.784
1546.7740, -86.923
1546.7780, -72.594
1546.7820,-210.000
1546.7860, -76.542
1546.7900, -73.326
1546.7940, -77.368
1546.7980, -84.070
1546.8020,-210.000
1546.8060, -72.240
1546.8100, -74.916
1546.8140, -93.188
1546.8180, -74.809
1546.8220, -80.017
1546.8260,-210.000
1546.8300, -75.429
1546.8340, -75.751
1546.8380,-210.000
1546.8420,-210.000
1546.8460, -82.624
1546.8500, -98.595
1546.8540,-210.000
1546.8580, -76.502
1546.8620,-210.000
1546.8660,-210.000
1546.8700, -77.150
1546.8740, -74.367
1546.8780,-210.000
1546.8820, -83.484
1546.8860, -80.382
1546.8900, -73.518
1546.8940,-210.000
1546.8980, -74.745
1546.9020,-210.000
1546.9060, -78.660
1546.9100, -78.471
1546.9140, -78.513
1546.9180, -76.659
1546.9220, -84.209
1546.9260, -75.947
1546.9300, -76.272
1546.9340,-210.000
1546.9380,-210.000
1546.9420, -81.271
1546.9460, -75.362
1546.9500, -77.864
1546.9540, -77.650
1546.9580, -75.272
1546.9620, -75.899
1546.9660, -80.760
1546.9700, -77.422
1546.9740, -78.247
1546.9780, -81.655
1546.9820, -75.970
1546.9860, -83.806
1546.9900, -73.186
1546.9940, -77.224
1546.9980, -79.601
1547.0020, -74.181
1547.0060, -74.257
1547.0100, -76.471
1547.0140,-210.000
1547.0180, -75.199
1547.0220, -76.371
1547.0260, -76.340
1547.0300, -77.086
1547.0340, -83.476
1547.0380,-210.000
1547.0420, -76.596
1547.0460, -81.394
1547.0500, -79.645
1547.0540,-210.000
1547.0580, -76.279
1547.0620,-210.000
1547.0660, -76.391
1547.0700, -79.456
1547.0740, -75.601
1547.0780,-210.000
1547.0820,-210.000
1547.0860, -81.692
1547.0900, -73.586
1547.0940, -82.882
1547.0980,-210.000
1547.1020,-210.000
1547.1060,-210.000
1547.1100,-210.000
1547.1140, -73.937
1547.1180, -78.121
1547.1220, -73.799
1547.1260, -95.895
1547.1300, -76.712
1547.1340, -78.964
1547.1380, -78.160
1547.1420, -76.269
1547.1460, -78.200
1547.1500, -75.732
1547.1540, -77.312
1547.1580, -76.156
1547.1620, -72.095
1547.1660,-210.000
1547.1700, -74.850
1547.1740, -75.328
1547.1780, -77.461
1547.1820, -72.757
1547.1860,-210.000
1547.1900, -73.458
1547.1940, -79.471
1547.1980, -74.502
1547.2020, -77.034
1547.2060, -79.900
1547.2100, -74.618
1547.2140, -81.265
1547.2180, -77.541
1547.2220, -77.367
1547.2260, -76.325
1547.2300, -79.736
1547.2340, -79.326
1547.2380, -78.889
1547.2420, -78.973
1547.2460, -78.093
1547.2500,-210.000
1547.2540, -84.251
1547.2580, -77.103
1547.2620, -76.884
1547.2660, -79.018
1547.2700, -79.737
1547.2740, -73.537
1547.2780,-210.000
1547.2820, -77.688
1547.2860, -75.506
1547.2900, -75.363
1547.2940, -77.208
1547.2980, -74.883
1547.3020, -81.072
1547.3060, -74.220
1547.3100, -87.949
1547.3140,-210.000
1547.3180, -73.473
1547.3220,-210.000
1547.3260, -79.753
1547.3300, -77.177
1547.3340,-210.000
1547.3380, -79.545
1547.3420, -86.998
1547.3460, -78.992
1547.3500, -77.006
1547.3540, -75.900
1547.3580,-210.000
1547.3620, -78.309
1547.3660, -75.418
1547.3700, -80.728
1547.3740, -76.156
1547.3780, -73.799
1547.3820, -79.442
1547.3860, -75.059
1547.3900, -76.179
1547.3940, -72.862
1547.3980, -79.642
1547.4020, -73.104
1547.4060,-210.000
1547.4100, -77.255
1547.4140, -74.962
1547.4180, -73.913
1547.4220,-210.000
1547.4260, -80.948
1547.4300, -76.999
1547.4340, -82.828
1547.4380, -77.876
1547.4420,-210.000
1547.4460, -73.088
1547.4500, -79.887
1547.4540, -73.575
1547.4580, -76.202
1547.4620, -79.175
1547.4660, -79.075
1547.4700, -75.313
1547.4740,-210.000
1547.4780, -71.942
1547.4820, -77.496
1547.4860, -78.898
1547.4900, -77.573
1547.4940, -77.158
1547.4980, -74.127
1547.5020, -77.876
1547.5060, -76.268
1547.5100, -76.748
1547.5140, -80.436
1547.5180, -76.056
1547.5220, -81.099
1547.5260, -75.159
1547.5300, -85.610
1547.5340, -75.465
1547.5380,-210.000
1547.5420, -83.962
1547.5460, -75.500
1547.5500, -76.720
1547.5540, -74.644
1547.5580,-210.000
1547.5620, -75.011
1547.5660, -71.322
1547.5700, -84.871
1547.5740, -75.598
1547.5780, -76.311
1547.5820, -72.908
1547.5860, -80.245
1547.5900,-210.000
1547.5940, -75.764
1547.5980, -76.856
1547.6020, -76.876
1547.6060, -73.705
1547.6100, -81.556
1547.6140, -77.103
1547.6180, -83.400
1547.6220, -79.808
1547.6260, -71.733
1547.6300, -76.973
1547.6340, -74.427
1547.6380, -83.558
1547.6420, -73.773
1547.6460, -77.987
1547.6500,-210.000
1547.6540, -76.832
1547.6580, -76.900
1547.6620,-210.000
1547.6660, -81.187
1547.6700, -72.832
1547.6740, -73.829
1547.6780, -79.756
1547.6820,-210.000
1547.6860, -73.075
1547.6900,-210.000
1547.6940, -74.184
1547.6980, -80.938
1547.7020, -81.198
1547.7060, -76.280
1547.7100, -72.018
1547.7140, -83.314
1547.7180, -75.750
1547.7220,-210.000
1547.7260,-210.000
1547.7300, -75.120
1547.7340, -92.945
1547.7380, -73.235
1547.7420, -79.647
1547.7460, -77.047
1547.7500, -84.761
1547.7540, -77.418
1547.7580, -76.221
1547.7620, -84.463
1547.7660, -74.791
1547.7700, -87.546
1547.7740, -75.284
1547.7780,-210.000
1547.7820, -74.177
1547.7860, -82.122
1547.7900, -85.261
1547.7940,-210.000
1547.7980,-210.000
1547.8020, -82.696
1547.8060, -78.415
1547.8100, -77.423
1547.8140, -77.441
1547.8180, -75.692
1547.8220, -76.821
1547.8260,-210.000
1547.8300, -83.076
1547.8340, -78.275
1547.8380, -78.750
1547.8420, -80.120
1547.8460, -77.124
1547.8500,-210.000
1547.8540, -77.422
1547.8580, -76.882
1547.8620, -81.885
1547.8660, -77.131
1547.8700, -74.772
1547.8740,-210.000
1547.8780,-210.000
1547.8820, -83.026
1547.8860, -74.708
1547.8900,-210.000
1547.8940, -74.407
1547.8980, -76.391
1547.9020, -77.483
1547.9060, -74.064
1547.9100, -78.176
1547.9140,-210.000
1547.9180, -79.845
1547.9220, -81.720
1547.9260, -83.031
1547.9300, -79.818
1547.9340, -76.620
1547.9380,-210.000
1547.9420, -72.329
1547.9460, -81.330
1547.9500, -75.449
1547.9540, -87.583
1547.9580, -73.851
1547.9620, -78.236
1547.9660, -85.404
1547.9700, -74.885
1547.9740, -77.437
1547.9780,-210.000
1547.9820, -74.113
1547.9860, -77.776
1547.9900, -80.722
1547.9940, -75.823
1547.9980, -79.920
1548.0020, -77.583
1548.0060, -74.796
1548.0100, -78.983
1548.0140, -81.745
1548.0180, -79.749
1548.0220, -76.404
1548.0260, -81.244
1548.0300, -74.741
1548.0340, -76.360
1548.0380,-210.000
1548.0420, -72.857
1548.0460,-210.000
1548.0500, -75.614
1548.0540, -78.808
1548.0580, -77.740
1548.0620, -78.246
1548.0660,-210.000
1548.0700, -77.319
1548.0740, -79.234
1548.0780, -74.635
1548.0820, -79.255
1548.0860, -79.701
1548.0900,-210.000
1548.0940, -76.519
1548.0980, -72.193
1548.1020, -81.013
1548.1060, -74.257
1548.1100, -77.199
1548.1140, -75.341
1548.1180,-210.000
1548.1220,-210.000
1548.1260, -76.359
1548.1300, -72.712
1548.1340, -79.162
1548.1380, -73.939
1548.1420, -77.611
1548.1460, -80.914
1548.1500, -75.394
1548.1540,-210.000
1548.1580, -74.515
1548.1620, -75.603
1548.1660, -74.983
1548.1700, -77.505
1548.1740, -77.932
1548.1780,-210.000
1548.1820, -76.737
1548.1860, -74.414
1548.1900,-210.000
1548.1940, -74.647
1548.1980, -76.313
1548.2020, -78.381
1548.2060,-210.000
1548.2100, -77.192
1548.2140, -74.428
1548.2180,-210.000
1548.2220, -88.561
1548.2260, -75.062
1548.2300, -83.999
1548.2340, -82.255
1548.2380, -75.233
1548.2420, -75.726
1548.2460, -76.266
1548.2500, -78.607
1548.2540,-210.000
1548.2580, -78.269
1548.2620, -82.824
1548.2660, -88.209
1548.2700,-210.000
1548.2740, -74.844
1548.2780, -90.738
1548.2820, -74.561
1548.2860,-210.000
1548.2900, -89.041
1548.2940,-210.000
1548.2980, -72.677
1548.3020,-210.000
1548.3060, -76.582
1548.3100, -77.427
1548.3140, -78.545
1548.3180, -79.388
1548.3220, -78.386
1548.3260, -74.902
1548.3300, -78.292
1548.3340, -86.764
1548.3380, -77.493
1548.3420, -89.079
1548.3460, -74.678
1548.3500, -73.719
1548.3540, -76.203
1548.3580, -80.126
1548.3620, -93.053
1548.3660, -75.965
1548.3700, -83.833
1548.3740, -75.082
1548.3780,-210.000
1548.3820, -74.513
1548.3860,-210.000
1548.3900,-210.000
1548.3940, -74.913
1548.3980, -83.929
1548.4020,-210.000
1548.4060, -82.907
1548.4100, -75.276
1548.4140, -77.007
1548.4180,-210.000
1548.4220, -74.407
1548.4260, -85.481
1548.4300, -74.802
1548.4340, -75.531
1548.4380, -76.365
1548.4420,-210.000
1548.4460, -78.477
1548.4500,-210.000
1548.4540, -72.063
1548.4580, -76.208
1548.4620,-210.000
1548.4660, -72.636
1548.4700, -86.911
1548.4740, -76.391
1548.4780, -78.779
1548.4820, -81.582
1548.4860, -80.499
1548.4900, -76.453
1548.4940,-210.000
1548.4980, -80.211
1548.5020, -77.149
1548.5060, -73.009
1548.5100, -78.300
1548.5140,-210.000
1548.5180, -74.783
1548.5220, -82.588
1548.5260,-210.000
1548.5300, -75.554
1548.5340, -75.273
1548.5380, -82.688
1548.5420, -80.501
1548.5460, -76.858
1548.5500, -83.117
1548.5540, -74.598
1548.5580, -92.445
1548.5620, -74.582
1548.5660, -94.243
1548.5700, -73.450
1548.5740, -72.131
1548.5780, -70.634
1548.5820, -69.001
1548.5860, -68.806
1548.5900, -69.573
1548.5940, -72.172
1548.5980, -74.642
1548.6020,-210.000
1548.6060, -76.103
1548.6100, -77.195
1548.6140, -74.961
1548.6180,-210.000
1548.6220, -76.283
1548.6260, -78.535
1548.6300,-210.000
1548.6340, -74.952
1548.6380,-210.000
1548.6420, -77.736
1548.6460, -80.037
1548.6500, -78.969
1548.6540,-210.000
1548.6580, -74.434
1548.6620, -74.088
1548.6660, -74.449
1548.6700, -78.241
1548.6740, -76.822
1548.6780, -78.895
1548.6820, -85.832
1548.6860,-210.000
1548.6900, -74.325
1548.6940, -83.169
1548.6980, -75.362
1548.7020,-210.000
1548.7060, -79.548
1548.7100, -77.581
1548.7140, -75.852
1548.7180, -76.791
1548.7220,-210.000
1548.7260, -73.967
1548.7300, -75.596
1548.7340, -89.007
1548.7380, -77.971
1548.7420, -76.221
1548.7460, -78.393
1548.7500, -78.578
1548.7540, -78.366
1548.7580, -74.485
1548.7620,-210.000
1548.7660, -86.976
1548.7700, -76.398
1548.7740,-210.000
1548.7780, -76.222
1548.7820, -87.338
1548.7860,-210.000
1548.7900, -74.705
1548.7940, -74.611
1548.7980, -80.615
1548.8020, -75.816
1548.8060, -75.513
1548.8100, -85.184
1548.8140, -76.645
1548.8180, -81.108
1548.8220, -77.018
1548.8260,-210.000
1548.8300,-210.000
1548.8340, -74.121
1548.8380, -79.041
1548.8420, -74.269
1548.8460, -85.671
1548.8500, -76.611
1548.8540,-210.000
1548.8580, -79.992
1548.8620, -73.007
1548.8660, -85.897
1548.8700, -75.800
1548.8740, -78.326
1548.8780, -79.871
1548.8820, -75.857
1548.8860, -77.004
1548.8900, -78.186
1548.8940,-210.000
1548.8980, -80.598
1548.9020, -80.357
1548.9060,-210.000
1548.9100, -76.571
1548.9140, -72.292
1548.9180,-210.000
1548.9220, -76.561
1548.9260, -78.144
1548.9300, -74.917
1548.9340,-210.000
1548.9380, -74.716
1548.9420,-210.000
1548.9460, -73.802
1548.9500, -82.498
1548.9540, -72.538
1548.9580, -73.948
1548.9620,-210.000
1548.9660, -81.604
1548.9700, -84.859
1548.9740, -88.558
1548.9780, -74.923
1548.9820, -75.514
1548.9860, -78.867
1548.9900, -82.758
1548.9940, -78.846
1548.9980, -75.390
1549.0020, -75.386
1549.0060,-210.000
1549.0100, -83.194
1549.0140, -76.223
1549.0180,-210.000
1549.0220, -73.858
1549.0260,-210.000
1549.0300, -78.051
1549.0340, -77.432
1549.0380, -75.104
1549.0420, -74.390
1549.0460,-210.000
1549.0500, -73.165
1549.0540,-210.000
1549.0580, -75.420
1549.0620, -81.069
1549.0660, -73.703
1549.0700, -83.609
1549.0740, -77.362
1549.0780, -77.317
1549.0820, -90.771
1549.0860, -72.979
1549.0900, -75.624
1549.0940, -77.744
1549.0980,-210.000
1549.1020, -74.723
1549.1060, -78.841
1549.1100, -78.613
1549.1140, -73.844
1549.1180, -79.650
1549.1220, -75.036
1549.1260, -77.003
1549.1300, -81.666
1549.1340, -77.174
1549.1380, -73.242
1549.1420, -77.894
1549.1460, -76.223
1549.1500,-210.000
1549.1540, -77.171
1549.1580,-210.000
1549.1620, -78.211
1549.1660, -71.910
1549.1700,-210.000
1549.1740, -77.643
1549.1780, -75.744
1549.1820, -73.819
1549.1860, -77.297
1549.1900,-210.000
1549.1940, -73.118
1549.1980, -79.213
1549.2020, -75.247
1549.2060, -77.540
1549.2100, -84.867
1549.2140, -77.165
1549.2180, -76.342
1549.2220, -75.768
1549.2260, -77.010
1549.2300, -74.579
1549.2340, -75.758
1549.2380, -77.497
1549.2420, -79.325
1549.2460, -73.235
1549.2500, -78.531
1549.2540, -82.487
1549.2580, -74.284
1549.2620, -77.131
1549.2660, -73.451
1549.2700, -75.820
1549.2740, -74.701
1549.2780, -81.787
1549.2820,-210.000
1549.2860, -72.628
1549.2900,-210.000
1549.2940, -78.772
1549.2980, -75.456
1549.3020, -75.623
1549.3060, -73.546
1549.3100, -72.373
1549.3140, -77.911
1549.3180, -75.895
1549.3220,-210.000
1549.3260, -71.862
1549.3300, -80.056
1549.3340, -71.990
1549.3380, -77.340
1549.3420, -77.346
1549.3460, -74.221
1549.3500, -72.807
1549.3540, -72.213
1549.3580, -78.560
1549.3620, -70.936
1549.3660, -77.978
1549.3700, -71.459
1549.3740, -72.148
1549.3780, -72.905
1549.3820, -73.319
1549.3860, -74.193
1549.3900, -72.318
1549.3940, -70.461
1549.3980, -70.755
1549.4020, -72.241
1549.4060, -70.907
1549.4100, -71.978
1549.4140, -70.056
1549.4180, -68.672
1549.4220, -71.238
1549.4260, -69.287
1549.4300, -68.689
1549.4340, -68.417
1549.4380, -67.475
1549.4420, -66.471
1549.4460, -67.053
1549.4500, -67.438
1549.4540, -67.574
1549.4580, -66.927
1549.4620, -66.409
1549.4660, -65.719
1549.4700, -65.281
1549.4740, -64.935
1549.4780, -64.384
1549.4820, -64.241
1549.4860, -63.613
1549.4900, -62.735
1549.4940, -62.044
1549.4980, -62.077
1549.5020, -61.467
1549.5060, -60.908
1549.5100, -59.602
1549.5140, -58.899
1549.5180, -58.603
1549.5220, -57.250
1549.5260, -56.132
1549.5300, -55.306
1549.5340, -54.605
1549.5380, -53.968
1549.5420, -52.756
1549.5460, -51.805
1549.5500, -50.038
1549.5540, -48.571
1549.5580, -47.972
1549.5620, -47.464
1549.5660, -46.720
1549.5700, -44.800
1549.5740, -42.817
1549.5780, -41.754
1549.5820, -40.610
1549.5860, -40.369
1549.5900, -40.240
1549.5940, -39.863
1549.5980, -39.701
1549.6020, -37.362
1549.6060, -34.592
1549.6100, -34.097
1549.6140, -34.850
1549.6180, -34.369
1549.6220, -31.111
1549.6260, -27.701
1549.6300, -26.699
1549.6340, -24.440
1549.6380, -18.674
1549.6420, -15.051
1549.6460, -12.476
1549.6500, -10.918
1549.6540, -10.309
1549.6580, -11.992
1549.6620, -16.027
1549.6660, -21.668
1549.6700, -25.781
1549.6740, -26.627
1549.6780, -27.898
1549.6820, -30.896
1549.6860, -31.503
1549.6900, -32.670
1549.6940, -35.524
1549.6980, -36.267
1549.7020, -36.658
1549.7060, -37.909
1549.7100, -38.502
1549.7140, -39.028
1549.7180, -40.217
1549.7220, -41.263
1549.7260, -42.536
1549.7300, -43.096
1549.7340, -42.915
1549.7380, -43.045
1549.7420, -44.325
1549.7460, -46.515
1549.7500, -48.135
1549.7540, -49.190
1549.7580, -50.170
1549.7620, -51.393
1549.7660, -52.971
1549.7700, -55.320
1549.7740, -57.279
1549.7780, -59.042
1549.7820, -60.608
1549.7860, -61.592
1549.7900, -62.189
1549.7940, -62.860
1549.7980, -63.142
1549.8020, -64.705
1549.8060, -64.754
1549.8100, -65.933
1549.8140, -67.191
1549.8180, -66.878
1549.8220, -67.973
1549.8260, -67.771
1549.8300, -69.381
1549.8340, -69.194
1549.8380, -70.230
1549.8420, -71.446
1549.8460, -71.122
1549.8500, -72.195
1549.8540, -69.607
1549.8580, -71.343
1549.8620, -73.131
1549.8660, -70.934
1549.8700, -71.812
1549.8740, -70.863
1549.8780, -70.946
1549.8820, -70.498
1549.8860, -70.804
1549.8900, -72.678
1549.8940, -69.968
1549.8980, -74.487
1549.9020, -71.658
1549.9060, -75.442
1549.9100, -74.440
1549.9140, -74.547
1549.9180, -72.555
1549.9220, -74.840
1549.9260, -74.366
1549.9300, -72.737
1549.9340, -74.299
1549.9380, -72.290
1549.9420, -75.408
1549.9460, -73.712
1549.9500, -72.661
1549.9540, -75.179
1549.9580, -74.188
1549.9620,-210.000
1549.9660, -72.837
1549.9700, -74.394
1549.9740, -75.002
1549.9780, -77.649
1549.9820, -73.026
1549.9860, -77.588
1549.9900, -74.560
1549.9940,-210.000
1549.9980, -77.236
1550.0020, -83.157
1550.0060, -73.571
1550.0100, -79.515
1550.0140, -74.929
1550.0180, -77.207
1550.0220, -74.278
1550.0260, -78.564
1550.0300, -73.759
1550.0340, -78.335
1550.0380, -72.627
1550.0420, -74.090
1550.0460, -75.565
1550.0500, -80.297
1550.0540, -79.389
1550.0580, -72.221
1550.0620, -81.972
1550.0660, -76.404
1550.0700, -75.856
1550.0740, -77.425
1550.0780, -82.346
1550.0820, -82.095
1550.0860, -77.296
1550.0900, -77.433
1550.0940, -77.030
1550.0980, -76.975
1550.1020, -80.052
1550.1060, -75.145
1550.1100,-210.000
1550.1140, -74.464
1550.1180, -72.813
1550.1220, -76.002
1550.1260, -72.920
1550.1300, -74.927
1550.1340, -81.818
1550.1380, -82.352
1550.1420, -77.249
1550.1460, -79.624
1550.1500, -82.351
1550.1540, -79.696
1550.1580, -73.497
1550.1620, -75.130
1550.1660, -75.020
1550.1700,-210.000
1550.1740, -78.527
1550.1780, -77.664
1550.1820, -75.738
1550.1860, -77.298
1550.1900, -73.660
1550.1940, -76.077
1550.1980, -76.265
1550.2020, -73.827
1550.2060, -82.597
1550.2100, -76.991
1550.2140, -94.049
1550.2180,-210.000
1550.2220, -79.051
1550.2260, -81.660
1550.2300, -76.886
1550.2340, -74.608
1550.2380, -78.512
1550.2420, -74.930
1550.2460,-210.000
1550.2500, -76.979
1550.2540, -75.077
1550.2580, -73.725
1550.2620, -78.902
1550.2660, -73.729
1550.2700,-210.000
1550.2740, -76.535
1550.2780, -74.537
1550.2820, -75.300
1550.2860, -82.145
1550.2900, -72.776
1550.2940, -88.960
1550.2980, -76.883
1550.3020,-210.000
1550.3060, -76.767
1550.3100, -74.815
1550.3140, -74.143
1550.3180,-210.000
1550.3220, -75.055
1550.3260,-210.000
1550.3300, -91.671
1550.3340, -73.159
1550.3380, -89.366
1550.3420, -81.314
1550.3460, -71.890
1550.3500, -78.994
1550.3540, -84.494
1550.3580, -72.290
1550.3620, -76.228
1550.3660, -90.490
1550.3700, -78.407
1550.3740, -78.633
1550.3780, -78.435
1550.3820,-210.000
1550.3860, -76.044
1550.3900, -76.020
1550.3940, -77.466
1550.3980,-210.000
1550.4020, -76.703
1550.4060, -77.702
1550.4100, -90.490
1550.4140, -75.101
1550.4180, -77.562
1550.4220, -76.452
1550.4260, -78.978
1550.4300, -76.034
1550.4340, -76.752
1550.4380, -74.480
1550.4420, -77.387
1550.4460,-210.000
1550.4500, -79.598
1550.4540, -79.723
1550.4580,-210.000
1550.4620, -77.997
1550.4660, -80.213
1550.4700, -86.417
1550.4740, -79.153
1550.4780, -72.675
1550.4820, -77.893
1550.4860, -74.622
1550.4900, -72.238
1550.4940, -78.736
1550.4980, -71.642
1550.5020, -74.950
1550.5060, -77.701
1550.5100, -75.033
1550.5140, -72.378
1550.5180, -76.923
1550.5220, -75.299
1550.5260, -79.356
1550.5300, -75.551
1550.5340, -73.858
1550.5380, -82.921
1550.5420, -74.525
1550.5460, -72.757
1550.5500, -78.745
1550.5540, -73.787
1550.5580, -71.162
1550.5620, -74.535
1550.5660, -74.112
1550.5700, -74.143
1550.5740, -70.970
1550.5780, -71.133
1550.5820, -69.625
1550.5860, -70.202
1550.5900, -67.507
1550.5940, -68.853
1550.5980, -66.831
1550.6020, -66.168
1550.6060, -65.578
1550.6100, -64.601
1550.6140, -64.854
1550.6180, -64.176
1550.6220, -62.076
1550.6260, -60.603
1550.6300, -59.891
1550.6340, -58.612
1550.6380, -57.654
1550.6420, -56.941
1550.6460, -55.367
1550.6500, -54.311
1550.6540, -52.887
1550.6580, -51.951
1550.6620, -51.784
1550.6660, -50.151
1550.6700, -48.698
1550.6740, -46.280
1550.6780, -45.399
1550.6820, -45.885
1550.6860, -42.769
1550.6900, -40.876
1550.6940, -39.513
1550.6980, -37.792
1550.7020, -33.500
1550.7060, -27.154
1550.7100, -24.161
1550.7140, -22.649
1550.7180, -23.025
1550.7220, -24.543
1550.7260, -28.150
1550.7300, -31.734
1550.7340, -37.002
1550.7380, -40.487
1550.7420, -42.478
1550.7460, -43.721
1550.7500, -43.827
1550.7540, -44.557
1550.7580, -46.442
1550.7620, -48.590
1550.7660, -49.661
1550.7700, -50.129
1550.7740, -50.789
1550.7780, -51.475
1550.7820, -52.420
1550.7860, -53.496
1550.7900, -54.110
1550.7940, -54.788
1550.7980, -55.565
1550.8020, -56.601
1550.8060, -58.143
1550.8100, -58.891
1550.8140, -60.370
1550.8180, -61.858
1550.8220, -63.433
1550.8260, -65.109
1550.8300, -66.201
1550.8340, -68.058
1550.8380, -69.362
1550.8420, -70.419
1550.8460, -72.350
1550.8500, -72.995
1550.8540, -72.545
1550.8580, -74.196
1550.8620, -74.394
1550.8660, -72.795
1550.8700, -73.001
1550.8740,-210.000
1550.8780,-210.000
1550.8820, -73.825
1550.8860,-210.000
1550.8900, -74.951
1550.8940, -83.737
1550.8980, -76.125
1550.9020, -77.197
1550.9060, -75.162
1550.9100, -74.220
1550.9140,-210.000
1550.9180, -75.509
1550.9220, -80.028
1550.9260, -78.390
1550.9300, -74.923
1550.9340, -77.928
1550.9380, -75.285
1550.9420, -74.874
1550.9460, -77.044
1550.9500, -84.526
1550.9540, -73.241
1550.9580, -75.061
1550.9620,-210.000
1550.9660, -77.581
1550.9700, -87.431
1550.9740, -77.147
1550.9780, -80.845
1550.9820, -77.913
1550.9860, -82.788
1550.9900, -75.568
1550.9940,-210.000
1550.9980, -77.928
1551.0020, -73.107
1551.0060, -76.612
1551.0100, -82.419
1551.0140, -75.083
1551.0180, -75.600
1551.0220, -79.663
1551.0260, -75.535
1551.0300, -79.624
1551.0340, -76.789
1551.0380, -78.110
1551.0420,-210.000
1551.0460, -77.405
1551.0500, -78.600
1551.0540, -73.753
1551.0580, -89.323
1551.0620, -74.120
1551.0660, -74.866
1551.0700, -85.680
1551.0740, -81.583
1551.0780, -75.028
1551.0820, -77.472
1551.0860, -86.305
1551.0900, -75.227
1551.0940, -73.853
1551.0980,-210.000
1551.1020, -75.879
1551.1060,-210.000
1551.1100, -75.928
1551.1140,-210.000
1551.1180, -75.310
1551.1220, -79.590
1551.1260, -76.917
1551.1300, -81.554
1551.1340, -73.610
1551.1380, -81.095
1551.1420, -74.430
1551.1460, -73.308
1551.1500, -77.592
1551.1540, -74.446
1551.1580, -78.078
1551.1620, -76.691
1551.1660, -79.541
1551.1700, -74.670
1551.1740, -78.367
1551.1780, -78.685
1551.1820,-110.633
1551.1860, -74.510
1551.1900, -79.076
1551.1940, -78.749
1551.1980, -98.600
1551.2020, -73.540
1551.2060, -74.945
1551.2100, -76.836
1551.2140, -89.889
1551.2180, -74.618
1551.2220, -78.971
1551.2260, -78.567
1551.2300, -78.329
1551.2340, -75.658
1551.2380,-210.000
1551.2420, -76.352
1551.2460, -72.700
1551.2500, -80.003
1551.2540, -75.283
1551.2580, -71.863
1551.2620, -88.243
1551.2660, -75.412
1551.2700,-210.000
1551.2740, -72.158
1551.2780,-210.000
1551.2820, -81.221
1551.2860,-210.000
1551.2900,-210.000
1551.2940, -74.978
1551.2980, -78.660
1551.3020,-210.000
1551.3060, -78.499
1551.3100, -77.490
1551.3140, -77.589
1551.3180,-210.000
1551.3220, -87.573
1551.3260, -79.326
1551.3300, -76.120
1551.3340, -75.531
1551.3380, -76.085
1551.3420, -85.431
1551.3460, -80.532
1551.3500, -74.613
1551.3540, -84.016
1551.3580, -75.263
1551.3620, -79.464
1551.3660, -86.621
1551.3700, -73.916
1551.3740, -79.088
1551.3780, -79.161
1551.3820, -77.519
1551.3860, -78.976
1551.3900,-210.000
1551.3940,-210.000
1551.3980, -73.741
1551.4020, -76.938
1551.4060, -77.383
1551.4100, -96.532
1551.4140, -83.991
1551.4180,-210.000
1551.4220, -82.764
1551.4260, -75.759
1551.4300, -76.402
1551.4340, -79.222
1551.4380, -77.222
1551.4420, -75.453
1551.4460, -78.543
1551.4500, -72.695
1551.4540, -77.299
1551.4580, -73.638
1551.4620, -72.955
1551.4660, -81.590
1551.4700, -76.977
1551.4740, -82.716
1551.4780, -77.566
1551.4820,-210.000
1551.4860, -75.020
1551.4900, -79.187
1551.4940,-210.000
1551.4980, -94.083
1551.5020, -75.153
1551.5060, -75.839
1551.5100, -79.603
1551.5140,-210.000
1551.5180, -74.910
1551.5220, -73.345
1551.5260, -78.676
1551.5300, -81.008
1551.5340, -73.124
1551.5380, -76.751
1551.5420,-210.000
1551.5460, -71.976
1551.5500,-210.000
1551.5540, -76.484
1551.5580, -73.063
1551.5620, -81.207
1551.5660,-210.000
1551.5700, -73.766
1551.5740, -77.453
1551.5780,-210.000
1551.5820, -74.488
1551.5860, -76.308
1551.5900, -73.605
1551.5940,-210.000
1551.5980, -78.251
1551.6020, -76.104
1551.6060,-210.000
1551.6100, -76.963
1551.6140, -76.621
1551.6180,-210.000
1551.6220,-210.000
1551.6260, -78.748
1551.6300, -77.926
1551.6340, -77.702
1551.6380, -73.199
1551.6420, -74.652
1551.6460, -81.962
1551.6500, -76.668
1551.6540, -74.451
1551.6580, -79.198
1551.6620, -82.446
1551.6660, -74.153
1551.6700, -86.993
1551.6740, -76.146
1551.6780, -86.309
1551.6820, -80.065
1551.6860, -75.954
1551.6900, -74.364
1551.6940,-210.000
1551.6980, -77.177
1551.7020, -79.317
1551.7060, -73.977
1551.7100,-210.000
1551.7140, -73.372
1551.7180, -77.721
1551.7220, -74.477
1551.7260, -79.675
1551.7300, -76.235
1551.7340, -73.831
1551.7380,-210.000
1551.7420, -79.662
1551.7460, -81.591
1551.7500, -80.579
1551.7540, -73.419
1551.7580,-210.000
1551.7620, -76.497
1551.7660, -75.391
1551.7700,-210.000
1551.7740, -80.517
1551.7780, -77.410
1551.7820, -75.551
1551.7860, -76.038
1551.7900, -74.399
1551.7940,-210.000
1551.7980, -77.504
1551.8020, -75.395
1551.8060,-210.000
1551.8100, -73.292
1551.8140,-210.000
1551.8180, -74.454
1551.8220, -77.382
1551.8260, -81.019
1551.8300, -73.952
1551.8340, -76.949
1551.8380,-210.000
1551.8420, -81.165
1551.8460, -80.957
1551.8500, -73.883
1551.8540, -79.468
1551.8580, -72.876
1551.8620, -78.369
1551.8660,-210.000
1551.8700, -77.872
1551.8740, -77.138
1551.8780, -76.178
1551.8820, -82.003
1551.8860, -75.178
1551.8900,-210.000
1551.8940, -82.310
1551.8980, -74.598
1551.9020, -75.375
1551.9060,-210.000
1551.9100, -76.770
1551.9140, -75.656
1551.9180,-210.000
1551.9220, -79.821
1551.9260,-210.000
1551.9300, -78.399
1551.9340,-210.000
1551.9380, -78.811
1551.9420, -84.744
1551.9460, -74.539
1551.9500, -76.778
1551.9540, -80.217
1551.9580, -77.282
1551.9620,-210.000
1551.9660, -75.884
1551.9700, -78.703
1551.9740, -77.075
1551.9780, -73.762
1551.9820, -78.714
1551.9860,-210.000
1551.9900, -77.076
1551.9940, -72.666
1551.9980, -76.578
1552.0020, -81.228
1552.0060, -83.002
1552.0100, -77.990
1552.0140, -79.533
1552.0180, -76.848
1552.0220, -74.913
1552.0260,-210.000
1552.0300, -79.150
1552.0340, -81.066
1552.0380, -74.713
1552.0420,-210.000
1552.0460, -72.953
1552.0500, -77.544
1552.0540,-210.000
1552.0580,-210.000
1552.0620,-210.000
1552.0660, -78.174
1552.0700,-210.000
1552.0740, -74.887
1552.0780,-210.000
1552.0820, -73.920
1552.0860,-210.000
1552.0900, -80.530
1552.0940, -77.760
1552.0980, -78.331
1552.1020,-210.000
1552.1060,-210.000
1552.1100, -75.549
1552.1140, -73.983
1552.1180, -78.495
1552.1220,-210.000
1552.1260, -75.894
1552.1300, -78.425
1552.1340, -73.468
1552.1380, -84.916
1552.1420, -76.524
1552.1460, -73.357
1552.1500, -74.800
1552.1540, -87.068
1552.1580, -77.469
1552.1620, -77.951
1552.1660, -77.475
1552.1700, -74.292
1552.1740,-210.000
1552.1780, -81.687
1552.1820, -76.699
1552.1860, -81.467
1552.1900,-210.000
1552.1940, -87.899
1552.1980, -73.473
1552.2020, -80.731
1552.2060, -72.719
1552.2100,-210.000
1552.2140, -74.641
1552.2180, -80.822
1552.2220,-210.000
1552.2260, -79.454
1552.2300, -81.160
1552.2340, -77.517
1552.2380, -79.837
1552.2420,-210.000
1552.2460, -83.909
1552.2500, -79.583
1552.2540,-210.000
1552.2580, -72.131
1552.2620,-210.000
1552.2660, -74.709
1552.2700,-210.000
1552.2740, -77.505
1552.2780,-210.000
1552.2820, -74.449
1552.2860, -80.710
1552.2900, -79.706
1552.2940,-210.000
1552.2980, -76.828
1552.3020, -74.591
1552.3060, -73.255
1552.3100, -76.648
1552.3140,-210.000
1552.3180, -75.007
1552.3220,-210.000
1552.3260, -74.923
1552.3300, -82.691
1552.3340, -80.230
1552.3380, -75.812
1552.3420, -76.987
1552.3460, -80.264
1552.3500, -77.500
1552.3540,-210.000
1552.3580, -74.133
1552.3620, -81.601
1552.3660, -79.886
1552.3700, -79.718
1552.3740, -76.602
1552.3780, -75.657
1552.3820, -76.395
1552.3860,-210.000
1552.3900, -78.666
1552.3940, -77.029
1552.3980, -77.303
1552.4020, -75.249
1552.4060,-210.000
1552.4100, -74.151
1552.4140,-210.000
1552.4180, -76.161
1552.4220,-210.000
1552.4260, -80.832
1552.4300, -81.701
1552.4340, -77.395
1552.4380, -84.643
1552.4420, -78.666
1552.4460, -75.020
1552.4500, -83.538
1552.4540, -76.314
1552.4580, -84.537
1552.4620, -72.077
1552.4660,-210.000
1552.4700, -74.710
1552.4740, -82.769
1552.4780, -75.219
1552.4820,-210.000
1552.4860, -75.919
1552.4900,-210.000
1552.4940, -89.982
1552.4980,-210.000
1552.5020,-210.000
1552.5060, -75.538
1552.5100, -74.833
1552.5140, -81.069
1552.5180, -75.397
1552.5220, -86.734
1552.5260, -84.774
1552.5300, -77.218
1552.5340, -85.637
1552.5380, -78.704
1552.5420, -80.192
1552.5460, -78.693
1552.5500, -77.320
1552.5540, -75.599
1552.5580, -76.610
1552.5620, -75.713
1552.5660, -74.851
1552.5700, -74.091
1552.5740, -78.264
1552.5780,-210.000
1552.5820, -79.662
1552.5860, -72.348
1552.5900,-210.000
1552.5940, -75.527
1552.5980, -80.864
1552.6020, -80.507
1552.6060, -78.260
1552.6100, -73.272
1552.6140, -76.473
1552.6180,-210.000
1552.6220, -74.215
1552.6260,-210.000
1552.6300, -76.122
1552.6340, -81.736
1552.6380, -77.822
1552.6420, -78.237
1552.6460,-210.000
1552.6500, -76.889
1552.6540, -78.098
1552.6580, -76.976
1552.6620, -76.191
1552.6660,-210.000
1552.6700, -74.696
1552.6740, -77.111
1552.6780,-210.000
1552.6820, -76.595
1552.6860, -76.103
1552.6900, -80.079
1552.6940, -74.658
1552.6980,-210.000
1552.7020, -76.637
1552.7060, -74.743
1552.7100, -76.929
1552.7140, -74.851
1552.7180, -89.003
1552.7220, -81.374
1552.7260, -80.550
1552.7300, -75.012
1552.7340,-210.000
1552.7380, -75.875
1552.7420, -74.717
1552.7460, -77.258
1552.7500, -91.611
1552.7540, -78.804
1552.7580, -70.182
1552.7620, -75.286
1552.7660, -75.770
1552.7700, -76.485
1552.7740, -79.735
1552.7780,-210.000
1552.7820,-210.000
1552.7860, -74.583
1552.7900, -79.257
1552.7940, -91.011
1552.7980, -83.723
1552.8020, -75.932
1552.8060,-210.000
1552.8100, -91.011
1552.8140,-210.000
1552.8180, -74.249
1552.8220, -84.565
1552.8260,-210.000
1552.8300, -76.706
1552.8340, -77.983
1552.8380, -74.453
1552.8420,-210.000
1552.8460, -75.572
1552.8500, -83.123
1552.8540, -84.679
1552.8580, -76.634
1552.8620,-210.000
1552.8660, -79.284
1552.8700, -87.818
1552.8740, -77.219
1552.8780, -78.585
1552.8820, -83.733
1552.8860, -75.813
1552.8900, -79.590
1552.8940, -74.165
1552.8980,-210.000
1552.9020, -79.314
1552.9060, -79.581
1552.9100, -75.985
1552.9140, -76.570
1552.9180, -76.308
1552.9220, -77.769
1552.9260, -75.296
1552.9300, -75.722
1552.9340, -82.399
1552.9380,-210.000
1552.9420, -76.907
1552.9460, -76.053
1552.9500, -78.472
1552.9540, -79.584
1552.9580,-103.730
1552.9620, -80.099
1552.9660, -78.108
1552.9700, -77.391
1552.9740, -82.068
1552.9780, -75.828
1552.9820, -85.041
1552.9860, -84.443
1552.9900, -76.376
1552.9940, -76.586
1552.9980,-210.000
1553.0020,-210.000
1553.0060, -74.704
1553.0100,-210.000
1553.0140, -73.061
1553.0180, -80.449
1553.0220, -74.929
1553.0260, -79.045
1553.0300,-210.000
1553.0340, -77.403
1553.0380, -73.579
1553.0420, -79.777
1553.0460,-210.000
1553.0500, -74.904
1553.0540, -85.433
1553.0580, -75.944
1553.0620, -78.228
1553.0660, -76.348
1553.0700, -73.453
1553.0740, -77.434
1553.0780, -83.791
1553.0820, -73.809
1553.0860, -75.742
1553.0900,-210.000
1553.0940, -93.562
1553.0980, -77.193
1553.1020, -77.366
1553.1060,-210.000
1553.1100, -74.964
1553.1140, -75.818
1553.1180, -73.070
1553.1220, -89.244
1553.1260, -72.401
1553.1300, -82.926
1553.1340, -83.705
1553.1380, -76.558
1553.1420, -77.907
1553.1460, -74.696
1553.1500, -75.571
1553.1540, -75.198
1553.1580,-210.000
1553.1620, -76.535
1553.1660, -83.001
1553.1700, -77.759
1553.1740,-210.000
1553.1780, -79.485
1553.1820, -75.262
1553.1860, -74.731
1553.1900, -77.925
1553.1940,-210.000
1553.1980, -75.822
1553.2020,-210.000
1553.2060, -77.562
1553.2100, -73.600
1553.2140, -78.543
1553.2180, -83.745
1553.2220, -75.815
1553.2260, -89.675
1553.2300, -74.549
1553.2340, -73.687
1553.2380, -75.973
1553.2420, -87.465
1553.2460, -87.216
1553.2500, -75.216
1553.2540, -79.401
1553.2580,-210.000
1553.2620, -77.092
1553.2660, -75.425
1553.2700, -77.617
1553.2740,-210.000
1553.2780, -72.154
1553.2820, -76.667
1553.2860, -93.083
1553.2900, -76.663
1553.2940, -74.552
1553.2980, -74.728
1553.3020, -76.959
1553.3060, -78.099
1553.3100, -81.225
1553.3140, -74.583
1553.3180, -78.013
1553.3220,-210.000
1553.3260, -74.546
1553.3300,-210.000
1553.3340, -88.281
1553.3380, -79.441
1553.3420, -74.756
1553.3460,-210.000
1553.3500, -76.565
1553.3540, -81.673
1553.3580, -77.824
1553.3620, -79.269
1553.3660, -79.704
1553.3700, -78.487
1553.3740, -76.600
1553.3780, -80.362
1553.3820, -76.504
1553.3860, -75.353
1553.3900, -78.403
1553.3940, -78.234
1553.3980, -74.997
1553.4020, -78.962
1553.4060, -80.438
1553.4100, -77.050
1553.4140, -81.776
1553.4180, -76.044
1553.4220, -82.963
1553.4260,-210.000
1553.4300, -78.473
1553.4340, -77.014
1553.4380,-210.000
1553.4420, -77.009
1553.4460, -75.785
1553.4500,-210.000
1553.4540, -74.066
1553.4580, -78.564
1553.4620, -77.919
1553.4660,-210.000
1553.4700, -78.320
1553.4740, -77.511
1553.4780, -74.117
1553.4820, -83.994
1553.4860, -79.460
1553.4900,-210.000
1553.4940, -77.460
1553.4980,-210.000
1553.5020, -75.275
1553.5060, -75.276
1553.5100, -77.365
1553.5140, -85.008
1553.5180,-210.000
1553.5220, -82.886
1553.5260, -83.364
1553.5300,-210.000
1553.5340, -77.197
1553.5380,-210.000
1553.5420, -79.893
1553.5460, -79.092
1553.5500, -86.617
1553.5540, -76.405
1553.5580, -75.162
1553.5620, -82.367
1553.5660,-210.000
1553.5700,-210.000
1553.5740, -74.449
1553.5780, -89.504
1553.5820, -80.182
1553.5860, -76.402
1553.5900,-210.000
1553.5940, -84.049
1553.5980, -76.792
1553.6020, -77.331
1553.6060, -75.739
1553.6100, -81.277
1553.6140, -76.904
1553.6180,-210.000
1553.6220, -76.228
1553.6260, -74.564
1553.6300, -77.936
1553.6340,-210.000
1553.6380, -72.438
1553.6420,-210.000
1553.6460, -81.852
1553.6500, -81.322
1553.6540, -75.213
1553.6580, -80.847
1553.6620, -74.668
1553.6660, -75.643
1553.6700,-210.000
1553.6740, -77.574
1553.6780, -81.184
1553.6820, -75.292
1553.6860, -78.553
1553.6900, -79.860
1553.6940, -84.486
1553.6980, -77.155
1553.7020,-210.000
1553.7060, -77.496
1553.7100,-210.000
1553.7140, -79.787
1553.7180,-210.000
1553.7220, -84.111
1553.7260, -80.375
1553.7300, -74.321
1553.7340,-210.000
1553.7380, -74.566
1553.7420, -87.717
1553.7460, -87.628
1553.7500, -75.923
1553.7540, -77.237
1553.7580,-210.000
1553.7620, -78.426
1553.7660, -75.264
1553.7700, -81.684
1553.7740, -78.130
1553.7780, -78.748
1553.7820,-210.000
1553.7860, -81.747
1553.7900,-210.000
1553.7940, -75.960
1553.7980, -78.010
1553.8020, -86.031
1553.8060,-210.000
1553.8100,-210.000
1553.8140,-210.000
1553.8180, -72.281
1553.8220,-210.000
1553.8260, -73.637
1553.8300,-210.000
1553.8340, -91.892
1553.8380, -83.567
1553.8420, -73.405
1553.8460, -81.341
1553.8500,-210.000
1553.8540,-210.000
1553.8580, -80.123
1553.8620,-210.000
1553.8660, -82.267
1553.8700, -74.404
1553.8740, -80.680
1553.8780, -87.470
1553.8820, -79.539
1553.8860, -74.713
1553.8900,-210.000
1553.8940, -80.287
1553.8980, -73.914
1553.9020,-210.000
1553.9060, -78.002
1553.9100,-210.000
1553.9140, -74.502
1553.9180,-210.000
1553.9220,-210.000
1553.9260, -77.375
1553.9300, -78.719
1553.9340,-210.000
1553.9380, -75.262
1553.9420, -76.893
1553.9460,-210.000
1553.9500, -78.400
1553.9540,-210.000
1553.9580,-210.000
1553.9620, -86.186
1553.9660,-210.000
1553.9700, -74.927
1553.9740,-210.000
1553.9780, -78.232
1553.9820, -75.432
1553.9860, -81.725
1553.9900, -77.617
1553.9940, -79.561
1553.9980, -78.041
1554.0020, -80.645
1554.0060,-210.000
1554.0100,-210.000
1554.0140, -78.492
1554.0180, -82.843
1554.0220, -79.321
1554.0260, -80.334
1554.0300, -75.111
1554.0340, -80.778
1554.0380, -76.709
1554.0420, -74.291
1554.0460,-210.000
1554.0500, -77.331
1554.0540, -79.475
1554.0580, -73.513
1554.0620, -81.312
1554.0660, -80.460
1554.0700,-210.000
1554.0740, -75.920
1554.0780, -83.211
1554.0820, -86.867
1554.0860, -89.064
1554.0900, -77.472
1554.0940, -81.980
1554.0980, -75.875
1554.1020, -80.021
1554.1060, -80.038
1554.1100, -78.410
1554.1140, -80.136
1554.1180, -75.406
1554.1220, -82.404
1554.1260, -76.760
1554.1300, -78.107
1554.1340, -74.096
1554.1380, -75.188
1554.1420, -78.837
1554.1460, -79.926
1554.1500,-210.000
1554.1540, -77.301
1554.1580, -76.705
1554.1620, -86.764
1554.1660, -81.658
1554.1700, -80.685
1554.1740, -76.569
1554.1780, -75.384
1554.1820,-210.000
1554.1860, -75.199
1554.1900,-210.000
1554.1940, -78.259
1554.1980, -75.616
1554.2020, -76.152
1554.2060, -73.904
1554.2100,-210.000
1554.2140, -83.015
1554.2180, -78.016
1554.2220, -83.291
1554.2260, -75.322
1554.2300, -77.304
1554.2340, -80.593
1554.2380, -80.758
1554.2420, -77.738
1554.2460, -75.143
1554.2500, -81.178
1554.2540, -74.412
1554.2580, -79.176
1554.2620, -76.356
1554.2660,-210.000
1554.2700, -75.414
1554.2740, -78.507
1554.2780,-210.000
1554.2820, -73.845
1554.2860, -80.561
1554.2900,-210.000
1554.2940, -73.425
1554.2980, -88.109
1554.3020,-210.000
1554.3060, -77.884
1554.3100,-210.000
1554.3140, -81.203
1554.3180, -78.754
1554.3220, -85.667
1554.3260, -78.918
1554.3300, -79.773
1554.3340, -79.814
1554.3380, -74.352
1554.3420, -81.203
1554.3460,-210.000
1554.3500, -77.105
1554.3540, -79.430
1554.3580, -73.647
1554.3620, -78.829
1554.3660, -80.611
1554.3700, -76.049
1554.3740, -78.168
1554.3780, -75.481
1554.3820, -74.915
1554.3860, -76.945
1554.3900, -75.738
1554.3940, -78.369
1554.3980, -79.627
1554.4020, -82.250
1554.4060, -82.072
1554.4100,-210.000
1554.4140, -77.178
1554.4180, -83.113
1554.4220, -73.453
1554.4260, -75.675
1554.4300, -80.885
1554.4340, -75.096
1554.4380,-210.000
1554.4420, -73.523
1554.4460, -85.784
1554.4500, -87.463
1554.4540, -81.247
1554.4580, -79.188
1554.4620, -82.724
1554.4660, -82.982
1554.4700, -86.642
1554.4740, -75.406
1554.4780, -76.458
1554.4820, -79.398
1554.4860,-210.000
1554.4900,-210.000
1554.4940, -78.962
1554.4980, -75.292
1554.5020, -79.120
1554.5060, -77.572
1554.5100, -82.638
1554.5140,-210.000
1554.5180, -76.201
1554.5220, -83.582
1554.5260,-210.000
1554.5300, -76.243
1554.5340, -78.095
1554.5380, -74.726
1554.5420,-210.000
1554.5460, -83.729
1554.5500, -75.562
1554.5540, -82.239
1554.5580, -77.503
1554.5620, -79.998
1554.5660,-210.000
1554.5700, -74.631
1554.5740, -80.629
1554.5780, -82.031
1554.5820, -74.655
1554.5860, -74.766
1554.5900, -76.381
1554.5940, -81.228
1554.5980, -77.511
1554.6020, -78.602
1554.6060, -79.740
1554.6100, -99.259
1554.6140, -78.708
1554.6180, -79.927
1554.6220, -78.950
1554.6260, -76.760
1554.6300, -76.134
1554.6340, -82.837
1554.6380, -78.595
1554.6420, -75.125
1554.6460,-210.000
